date,risk_parity,risk_parity_tc,equal_weight,equal_weight_tc
2024-01-08,0.9922526660129561,0.9922526660129561,0.9981875,0.9981875
2024-01-09,0.9986962465097045,0.9986962465097045,1.0003568563565342,1.0003568563565342
2024-01-10,0.9896238051487066,0.9896238051487066,0.9978701738300797,0.9978701738300797
2024-01-11,0.892612527401388,0.892612527401388,0.9762137451900819,0.9762137451900819
2024-01-12,0.8911552343784507,0.8911552343784507,0.9718651566887806,0.9718651566887806
2024-01-13,0.8894647100778689,0.8894647100778689,0.967708224359489,0.967708224359489
2024-01-14,0.8880539296202401,0.8880539296202401,0.9641970419516847,0.9641970419516847
2024-01-15,0.8886077734002005,0.8886077734002005,0.9666588347837959,0.9666588347837959
2024-01-16,0.8891011585795608,0.8891011585795608,0.9672273665023305,0.9672273665023305
2024-01-17,0.8884027914569552,0.8884027914569552,0.9628372900178176,0.9628372900178176
2024-01-18,0.8898424428974518,0.8898424428974518,0.9668764653916613,0.9668764653916613
2024-01-19,0.8901949355952297,0.8901949355952297,0.9675123309775765,0.9675123309775765
2024-01-20,0.8810515406113457,0.8810515406113457,0.9692721490795951,0.9692721490795951
2024-01-21,0.8816452545325582,0.8816452545325582,0.9697676583993969,0.9697676583993969
2024-01-22,0.8818378650536092,0.8818378650536092,0.9696184633750278,0.9696184633750278
2024-01-23,0.881793374534856,0.881793374534856,0.9675044154272365,0.9675044154272365
2024-01-24,0.881565389035354,0.881565389035354,0.969893717196745,0.969893717196745
2024-01-25,0.8810662301000357,0.8810662301000357,0.9696706727281268,0.9696706727281268
2024-01-26,0.8807016548446261,0.8807016548446261,0.9676248851629881,0.9676248851629881
2024-01-27,0.8746623796307422,0.8746623796307422,0.9582861104225416,0.9582861104225416
2024-01-28,0.8747309871849501,0.8747309871849501,0.9591408779716531,0.9591408779716531
2024-01-29,0.8748258455433552,0.8748258455433552,0.959721098996599,0.959721098996599
2024-01-30,0.8761684180855044,0.8761684180855044,0.9579704966215774,0.9579704966215774
2024-01-31,0.8755330359939067,0.8746568675758213,0.9594695430468464,0.9585115725502247
2024-02-01,0.8464020723616393,0.8455550560477849,0.9050269151875973,0.9041233022593066
2024-02-02,0.829332522343277,0.8285025879669649,0.9006121303846514,0.8997129253436363
2024-02-03,0.8286781866830184,0.8278489071172237,0.8985719279050739,0.8976747598789873
2024-02-04,0.8284151042778403,0.8275860879853719,0.8965511263435242,0.8956559759617594
2024-02-05,0.829388251198468,0.8285582610528578,0.8990907646985635,0.8981930786462985
2024-02-06,0.8305063067373432,0.8296751977248112,0.9006079803639924,0.8997087794665142
2024-02-07,0.8289179328072557,0.828088413321351,0.898370285535588,0.8974733188368309
2024-02-08,0.8279873109526712,0.8271587227639816,0.8970774991729379,0.8961818232407328
2024-02-09,0.8278437407738423,0.8270152962595216,0.897225241541771,0.8963294180980254
2024-02-10,0.828954798505608,0.8281252421272512,0.8983810093200202,0.8974840319142332
2024-02-11,0.8297350138394657,0.8289046766795658,0.9001466432247409,0.8992479029436227
2024-02-12,0.8288555785789008,0.8280261214924755,0.8979177932798614,0.8970212783663998
2024-02-13,0.828239937786685,0.827411096787828,0.8961745331430399,0.8952797587660977
2024-02-14,0.8280585612321066,0.8272299017414307,0.896505931017275,0.8956108257602248
2024-02-15,0.8257660013439276,0.8249396360768709,0.8928125133535528,0.8919210957436814
2024-02-16,0.8254376902827002,0.8246116535649629,0.8922742683096951,0.8913833881039296
2024-02-17,0.827135944988044,0.8263082087831628,0.8946530854507942,0.8937598301444801
2024-02-18,0.8273320065623377,0.8265040741535986,0.8950357593291415,0.8941421219468272
2024-02-19,0.828262940809172,0.8274340767905988,0.8970554168433569,0.8961597629589807
2024-02-20,0.8297249107381242,0.8288945836886575,0.9013672398528325,0.9004672808821097
2024-02-21,0.8297989859790615,0.8289685848005969,0.9017345939492829,0.9008342681984067
2024-02-22,0.8296961517344297,0.8288658534648373,0.9004841416803299,0.8995850644280535
2024-02-23,0.8281457307017525,0.8273169839783471,0.8966965382802724,0.8958012427137583
2024-02-24,0.8275643062682528,0.8267361413912259,0.894955722127026,0.8940621646568662
2024-02-25,0.82843626767584,0.8276072302046152,0.8970831641228383,0.8961874825345342
2024-02-26,0.826880716540345,0.8260532357491329,0.8971637012282084,0.8962679392286278
2024-02-27,0.8276244212674448,0.8267961962317926,0.8970374894102736,0.8961418534253213
2024-02-28,0.8283827469231647,0.827553763011533,0.8986371677338504,0.8977399345698639
2024-02-29,0.823453795156752,0.8218021900108592,0.8940866824293092,0.8922962527065157
2024-03-01,0.8213240688488583,0.8196767353050276,0.8906333855081586,0.8888498710941051
2024-03-02,0.8230256213525389,0.8213748749968569,0.8916139818618999,0.8898285037804612
2024-03-03,0.8232046598810815,0.8215535544269816,0.8917062954307289,0.8899206324891858
2024-03-04,0.8229752694566176,0.8213246240919699,0.8910127460898383,0.8892284719972499
2024-03-05,0.8178804191217857,0.8162399925223924,0.8802525296631006,0.8784898031583387
2024-03-06,0.8219327277199632,0.8202841733861751,0.8879184288808042,0.886140351231594
2024-03-07,0.8194794827265806,0.8178358488778021,0.8822653482169298,0.8804985909954195
2024-03-08,0.8190233002393508,0.8173805813579303,0.8817228496601982,0.8799571788048755
2024-03-09,0.8143938366031528,0.8127604030586987,0.8811413742484662,0.8793768678114048
2024-03-10,0.8114827371955403,0.8098551424568456,0.8775706198891126,0.8758132639720885
2024-03-11,0.8094210033068339,0.8077975437974867,0.8712232719075558,0.8694786267049517
2024-03-12,0.8109782852880157,0.809351702330882,0.8749120651997839,0.8731600331013883
2024-03-13,0.8105830909845738,0.8089573006705114,0.8747259699923674,0.8729743105540251
2024-03-14,0.8116847529803284,0.810056753057625,0.8784614848958059,0.8767023450005409
2024-03-15,0.8118609853916623,0.8102326319987836,0.8800418890591567,0.878279584367185
2024-03-16,0.8116878442709899,0.8100598381480705,0.8793927990233755,0.8776317941495486
2024-03-17,0.8136198808762615,0.8119879996584453,0.8843760248845081,0.8826050409830628
2024-03-18,0.8138363166368254,0.8122040013127872,0.8860007983778063,0.884226560829022
2024-03-19,0.8119638513393795,0.8103352916277862,0.8826592416032792,0.880891695600949
2024-03-20,0.812533606354861,0.8109039038829562,0.8834830272361937,0.8817138315836546
2024-03-21,0.8121080488054839,0.8104791998763553,0.8820823800371559,0.880315989213752
2024-03-22,0.8134328566904009,0.811801350587873,0.8858353752762801,0.884061468991168
2024-03-23,0.813942954721189,0.8123104255126441,0.8876084604537547,0.8858310035236491
2024-03-24,0.8143180709262953,0.8126847893454152,0.8885499247195189,0.8867705824849595
2024-03-25,0.8152124396980143,0.8135773642774866,0.8892384293030664,0.8874577083217984
2024-03-26,0.8179634962588825,0.8163229030312851,0.8945657463895663,0.8927743573298649
2024-03-27,0.8172097437224242,0.8155706622998306,0.893598810056638,0.891809357309807
2024-03-28,0.8164964427703117,0.8148587920187892,0.8917873298601644,0.8900015046452605
2024-03-29,0.8182072364997567,0.8165661544012129,0.8918265071115214,0.8900406034432453
2024-03-30,0.8280858435219988,0.8264249478549365,0.9174853433798613,0.9156480572852389
2024-03-31,0.8233573415665337,0.8208795049302051,0.9109254992272557,0.9081857013183752
2024-04-01,0.82041402431637,0.8179450453885314,0.9051200971078659,0.9023977601533667
2024-04-02,0.8198935342737528,0.8174261217244856,0.902025370416192,0.8993123414959125
2024-04-03,0.8179581522094405,0.8154965640578462,0.9005020899078453,0.8977936425705327
2024-04-04,0.8185906678838888,0.816127176220378,0.9016154985362799,0.8989037023909314
2024-04-05,0.8184296751366889,0.8159666679696501,0.9018423200453456,0.8991298416871304
2024-04-06,0.8199590918215158,0.8174914819813696,0.9073179590276,0.9045890115462281
2024-04-07,0.8230797793303825,0.8206027779982926,0.9153603639834338,0.9126072272963595
2024-04-08,0.8235907264765518,0.8211121874845736,0.9173505576498134,0.9145914350413328
2024-04-09,0.8217048493800926,0.8192319858040308,0.9113468088113821,0.908605743726296
2024-04-10,0.8290005612851813,0.8265057417717228,0.9573319685376055,0.9544525935198582
2024-04-11,0.8149067709992031,0.8124543657670684,0.8916541340445231,0.8889722987748195
2024-04-12,0.8145715607204235,0.8121201642803014,0.8908913590082694,0.8882118179431425
2024-04-13,0.8160088056459132,0.8135530839171807,0.8946984554996733,0.8920074637999831
2024-04-14,0.8174125395571861,0.8149525933889091,0.8976016524224654,0.8949019287541731
2024-04-15,0.817768867033916,0.8153078485228885,0.8986122092517747,0.8959094461236252
2024-04-16,0.817841605994075,0.8153803685802075,0.8988797696417187,0.8961762017700448
2024-04-17,0.8158394100412788,0.8133841980968333,0.8964938068163227,0.8937974152241197
2024-04-18,0.8162705997503228,0.8138140901704468,0.89698996416774,0.8942920802791033
2024-04-19,0.8158721722343659,0.8134168616943795,0.8958258968345829,0.8931315141205735
2024-04-20,0.8159427385136377,0.8134872156093433,0.895932252975932,0.8932375503737057
2024-04-21,0.8148699887524371,0.8124176942139151,0.8947594527697795,0.8920682776081124
2024-04-22,0.8148923628805331,0.8124400010086292,0.894355568294571,0.8916656078994698
2024-04-23,0.8141218396748517,0.8116717966389281,0.8925320076547419,0.8898475319975606
2024-04-24,0.8151708508202595,0.8127176508582762,0.8952547123555622,0.8925620475976782
2024-04-25,0.8151398765658441,0.8126867698187245,0.8955956137448736,0.8929019236551548
2024-04-26,0.8098805061405505,0.8074432271028177,0.8709437957047238,0.8683242510852699
2024-04-27,0.8099467422093444,0.8075092638387708,0.8703676493065359,0.8677498375672114
2024-04-28,0.8102247062484472,0.8077863913644366,0.870610413616563,0.8679918717130818
2024-04-29,0.810097227860998,0.8076592966143255,0.86978706795947,0.8671710024393061
2024-04-30,0.807893769905457,0.8046548105155871,0.8635946317201189,0.860130020237515
2024-05-01,0.8081518544271725,0.8049118603402717,0.8650248544962298,0.8615545051754425
2024-05-02,0.8089824957116011,0.8057391714673355,0.8678582349264963,0.8643765185105318
2024-05-03,0.8102129994095922,0.8069647419034854,0.8702502691865125,0.8667589562896765
2024-05-04,0.8112784395094348,0.8080259105045936,0.870739465017978,0.8672461895412085
2024-05-05,0.8110099137694863,0.8077584613219837,0.8695415580039717,0.8660530883495676
2024-05-06,0.8112296617744879,0.8079773283264247,0.8707539077963016,0.8672605743772825
2024-05-07,0.8122797106615118,0.8090231674202442,0.87383612052581,0.8703304217339386
2024-05-08,0.8146040626806201,0.8113382007862349,0.8793720128785416,0.8758441049210418
2024-05-09,0.8149730178287979,0.8117056767414963,0.8795311097887664,0.8760025635584453
2024-05-10,0.8146779130569456,0.8114117550860479,0.8797342763316709,0.8762049150278054
2024-05-11,0.8152686091131668,0.8120000829589644,0.8820263764006879,0.878487819536861
2024-05-12,0.8154057695567932,0.8121366935071426,0.8821393699112612,0.8786003597345027
2024-05-13,0.8176780841430141,0.8143998980656099,0.8871447692709787,0.8835856781865122
2024-05-14,0.8179441892855234,0.8146649363552949,0.887840445112525,0.8842785630814497
2024-05-15,0.818202821473892,0.8149225316509602,0.8893192056784527,0.8857513910828979
2024-05-16,0.8148626428489382,0.8115957442704053,0.8803627926474341,0.8768309098308534
2024-05-17,0.8152847058846131,0.8120161151961971,0.8812404459901989,0.8777050421607062
2024-05-18,0.815960331397573,0.8126890320317531,0.8816269275068175,0.8780899731717391
2024-05-19,0.8162948753717424,0.8130222347722272,0.8820959179675437,0.8785570821134333
2024-05-20,0.8159189210232654,0.8126477876774418,0.8807624370290538,0.8772289508994572
2024-05-21,0.8147853586315128,0.8115187698962427,0.8837150971828299,0.8801697654257858
2024-05-22,0.8181359053189414,0.8148558837722565,0.8918132037463252,0.8882353836064719
2024-05-23,0.8178949756462947,0.8146159200204456,0.8897930547826891,0.886223339175957
2024-05-24,0.8212490148291982,0.8179565123900302,0.9021797572564547,0.8985603480665924
2024-05-25,0.8207344636145159,0.8174440240833073,0.8998517660218769,0.896241696381922
2024-05-26,0.8199124263828499,0.8166252825141523,0.8994707192417426,0.8958621783040299
2024-05-27,0.8201595889470322,0.8168714541689628,0.9000155180446541,0.8964047914562681
2024-05-28,0.8200899829806421,0.8168021272626506,0.899243067928336,0.895635440293376
2024-05-29,0.8263088700324368,0.8229960819243697,0.9151469562135086,0.9114755245761301
2024-05-30,0.8204419143800256,0.8171526477197134,0.9001871311806869,0.8965757161062684
2024-05-31,0.8197196299968131,0.8156161064281374,0.8980382294101391,0.8935388596895882
2024-06-01,0.8229556507358268,0.8188359276192991,0.9078157467618069,0.9032673895214895
2024-06-02,0.8307415083334997,0.8265828091463923,0.944335163851759,0.9396038362722228
2024-06-03,0.82885905920256,0.8247097835721089,0.9344121990789762,0.9297305877428855
2024-06-04,0.8312098812786212,0.8270488374124931,0.9407620720340434,0.9360486464330721
2024-06-05,0.8358184383653051,0.831634324022479,0.9511972513271115,0.9464315431749056
2024-06-06,0.837073499292935,0.8328831021042331,0.954056722734432,0.9492766879994087
2024-06-07,0.8351955665571571,0.8310145703159983,0.9496442103917853,0.9448862833174114
2024-06-08,0.8314108333819669,0.8272487835478688,0.9390153629734607,0.9343106887703703
2024-06-09,0.8303650194190264,0.8262082049386863,0.9361219898161018,0.9314318120510785
2024-06-10,0.8305793963382876,0.8264215086852326,0.9376224066529212,0.9329247114684132
2024-06-11,0.8298447094357044,0.8256904996316481,0.935496905039479,0.9308098590871388
2024-06-12,0.8304496930463292,0.8262924546890773,0.9361745651950762,0.9314841240158012
2024-06-13,0.8322112507539072,0.8280451940235115,0.9401929538342059,0.9354823796410165
2024-06-14,0.8333589545452103,0.8291871523996932,0.943027661278348,0.938302884575262
2024-06-15,0.8354628767658835,0.8312805423675043,0.9489839051491988,0.9442292863498155
2024-06-16,0.8372921567154218,0.8331006649257688,0.9547470053231778,0.949963512120044
2024-06-17,0.8380742343182376,0.8338788274413301,0.9582544288760326,0.9534533627068335
2024-06-18,0.8365712281393927,0.8323833453244365,0.9539419566734031,0.9491624969416737
2024-06-19,0.8374293331587144,0.833237154662598,0.9509994953408567,0.9462347779897854
2024-06-20,0.8359637797509604,0.8317789378278987,0.945952669637867,0.9412132379973693
2024-06-21,0.8297810637954574,0.8256271726020274,0.9207986638641871,0.9161852593439413
2024-06-22,0.827713510489914,0.8235699694862421,0.9105260037704522,0.9059640675443855
2024-06-23,0.8362432910710194,0.8320570499118681,0.9408277369874606,0.936113982390581
2024-06-24,0.8478240272689485,0.843579812844071,0.9776014735903973,0.972703474457412
2024-06-25,0.8432821881409702,0.8390607102021117,0.9597003151862695,0.9548920048075583
2024-06-26,0.84432805940353,0.840101345824071,0.9615767784049996,0.9567590665314393
2024-06-27,0.8439159151988451,0.8396912648168452,0.9673970791990176,0.9625502063339767
2024-06-28,0.8404366703391193,0.8362294370870265,0.9605999708359632,0.9557871529838987
2024-06-29,0.8366132969706592,0.8324252035587693,0.9466289745709366,0.9418861544934681
2024-06-30,0.8354698664444298,0.8304550718521004,0.9419715345690322,0.9363101631393465
2024-07-01,0.8350975837628074,0.8300850237467968,0.9460505625145935,0.9403646755964622
2024-07-02,0.8412490044012673,0.8361995213169429,0.9629157575727544,0.9571285086389417
2024-07-03,0.8408995324786522,0.8358521470521586,0.9600662781412137,0.95429615494937
2024-07-04,0.8370879515755931,0.8320634446466595,0.9453667527217037,0.9396849755893596
2024-07-05,0.8343838175837731,0.829375541852473,0.9395227435313416,0.9338760896542668
2024-07-06,0.837716002151243,0.8326877254338861,0.9485935524306571,0.9428923818124049
2024-07-07,0.8391679887578415,0.8341309966877528,0.9502300645216065,0.9445190582528531
2024-07-08,0.8303044610562768,0.8253206711094148,0.9306397394083344,0.9250464735413069
2024-07-09,0.8401730394673452,0.8351300147166472,0.9612908393176769,0.9555133563539039
2024-07-10,0.8428652412713971,0.8378060569444046,0.9675978799583788,0.9617824908601008
2024-07-11,0.8376987336471498,0.8326705605816472,0.9528379076599978,0.9471112279148228
2024-07-12,0.8362570441963725,0.8312375246763202,0.9510957089366782,0.9453795000324099
2024-07-13,0.8362363780559701,0.8312169825816234,0.9505620564175591,0.9448490548343342
2024-07-14,0.8426534381806252,0.8375955251729668,0.9713820951076575,0.9655439623841812
2024-07-15,0.8510115110341168,0.8459034298274227,0.9963702978599863,0.9903819827881591
2024-07-16,0.8349136005606304,0.8299021448788446,0.9507510125162448,0.9450368752822925
2024-07-17,0.8360767074372703,0.8310582703641626,0.9573512821385824,0.9515974764258102
2024-07-18,0.8274303265420023,0.8224637881978594,0.9295942847277843,0.9240073021793523
2024-07-19,0.8265168705010097,0.8215558150528978,0.9200919251627858,0.914562053031157
2024-07-20,0.8278332547733686,0.8228642979071498,0.9281206192131415,0.9225424935861083
2024-07-21,0.8338928961920418,0.8288875671498316,0.9433668382463295,0.937697080860079
2024-07-22,0.8173545839077665,0.81244852384262,0.8951241711867445,0.8897443585036615
2024-07-23,0.8165420918966615,0.8116409087046462,0.8935848956723351,0.8882143342352823
2024-07-24,0.8200858234085104,0.8151633694485884,0.9003505181762582,0.8949392944680622
2024-07-25,0.8136000547246259,0.8087165307118263,0.8806698574703966,0.8753769170925865
2024-07-26,0.8186673736341397,0.8137534337266612,0.8967714561072936,0.8913817430276025
2024-07-27,0.8210998878569097,0.8161713471126326,0.9060441686779662,0.9005987253897744
2024-07-28,0.8167742443565165,0.8118716677008384,0.8967066322023257,0.8913173087227341
2024-07-29,0.8121622009998246,0.8072873075090501,0.8716861796896959,0.8664472323837087
2024-07-30,0.8175634250087064,0.8126561114031682,0.8952582057163293,0.8898775874682917
2024-07-31,0.8187311306500775,0.8130041519383525,0.8994652945135122,0.8931695135271877
2024-08-01,0.8207631349687482,0.8150219424998574,0.9019075310998159,0.8955946557500313
2024-08-02,0.8265182325996301,0.8207367835429755,0.9169487181549285,0.9105305624568626
2024-08-03,0.8184985389505783,0.8127731872048519,0.8851445878451744,0.8789490442257646
2024-08-04,0.8193309031011232,0.8135997290144693,0.8879601066353159,0.8817448558745925
2024-08-05,0.8203924149704407,0.8146538156673143,0.887649106114876,0.8814360321931872
2024-08-06,0.8158974491072626,0.8101902918402879,0.8692274390530385,0.863143307050434
2024-08-07,0.8183195985933687,0.8125954985254863,0.8801184439065504,0.8739580806344384
2024-08-08,0.8186472911182364,0.8129208988593727,0.8789521080825116,0.8727999085438415
2024-08-09,0.818695016396961,0.8129682903024276,0.8800465106463558,0.8738866508689918
2024-08-10,0.8172432742035478,0.8115267029648949,0.8882400855704352,0.8820228751053552
2024-08-11,0.8165254409096806,0.8108138908749842,0.885005879739874,0.8788113070037848
2024-08-12,0.816523580439053,0.8108120434182452,0.8856097543062467,0.8794109547678158
2024-08-13,0.8155038950606465,0.809799490682334,0.8827739194733937,0.8765949692778223
2024-08-14,0.8152122714554737,0.809509906968056,0.8833037517108507,0.8771210929700505
2024-08-15,0.8140620284432752,0.8083677098417382,0.8828306815104934,0.8766513340107057
2024-08-16,0.8210993413771258,0.8153557971631122,0.9021051451675669,0.8957908866239024
2024-08-17,0.8239066355356283,0.8181434544551497,0.9072725391215679,0.9009221115552598
2024-08-18,0.8200694052969509,0.8143330654285214,0.8983819136556332,0.8920937157618944
2024-08-19,0.8173520429780878,0.8116347109079081,0.8910750284417466,0.8848379748770658
2024-08-20,0.8171685487579817,0.8114525002196635,0.8896243148283688,0.8833974154911379
2024-08-21,0.815641541931876,0.8099361747213568,0.8871245350344796,0.8809151328327051
2024-08-22,0.815221761270148,0.8095193304020046,0.8855312340573481,0.8793329841191
2024-08-23,0.814976828611265,0.8092761110334445,0.8869259702673571,0.8807179579138547
2024-08-24,0.815502238689585,0.809797845897496,0.8876819260993655,0.8814686224551566
2024-08-25,0.8170071072899978,0.811292188025767,0.8915758564089117,0.8853352973135425
2024-08-26,0.815530739248358,0.809826147096446,0.8863041241242198,0.8801004643645842
2024-08-27,0.8116482898698297,0.8059708552353344,0.8745795805763635,0.8684579864159147
2024-08-28,0.8129453017638347,0.8072587946032954,0.8783168828538266,0.8721691295555408
2024-08-29,0.8128589644271876,0.8071730611915151,0.8773673486240553,0.8712262415628018
2024-08-30,0.813913735993321,0.8082204546892218,0.8798257031242,0.8736673888826206
2024-08-31,0.8099402397602581,0.8034665323865687,0.8731311612832842,0.8661460379023747
2024-09-01,0.8101961670847425,0.8037204141297543,0.8752084479415194,0.8682067060910733
2024-09-02,0.8084997508704158,0.8020375570666048,0.8716213848452036,0.8646483398039128
2024-09-03,0.807357546516909,0.8009044821480644,0.8686244297190128,0.8616753605730418
2024-09-04,0.8107187882872066,0.8042388581144854,0.8805642455563397,0.873519656870502
2024-09-05,0.8110976530999042,0.8046146947285442,0.8785952060628041,0.8715663698599999
2024-09-06,0.8126936143503356,0.8061978997463453,0.8824300987232947,0.8753705830537919
2024-09-07,0.8122729549496291,0.8057806026009392,0.8801338848194874,0.8730927390560632
2024-09-08,0.8111439338420756,0.8046606055570267,0.876042222416514,0.8690338102995168
2024-09-09,0.811444676201229,0.80495894413633,0.8800297764838365,0.8729894635959318
2024-09-10,0.809647506155753,0.8031761385493708,0.8751979655525092,0.8681963075620645
2024-09-11,0.8090074835960487,0.8025412315754352,0.8741715315846837,0.867178085153081
2024-09-12,0.8119472417141061,0.8054574927330116,0.8815010873875339,0.8744490038875496
2024-09-13,0.8059727840942018,0.7995307878835576,0.8692617609694293,0.8623075931193733
2024-09-14,0.8071426083048171,0.800691261898632,0.8719362998355188,0.8649607354475828
2024-09-15,0.8092535684189375,0.8027853494863789,0.8756125177814408,0.8686075433379873
2024-09-16,0.8113676757187691,0.8048825591049449,0.8837658328581856,0.8766956312022582
2024-09-17,0.8108254027270679,0.8043446204042106,0.8802173628848708,0.87317554928984
2024-09-18,0.8053656320400042,0.7989284886870615,0.8606192365404634,0.8537342096192114
2024-09-19,0.8016478574744583,0.7952404296282125,0.8527538085222881,0.8459317056926124
2024-09-20,0.8004850174269847,0.7940868839531139,0.8510803784540555,0.8442716632069267
2024-09-21,0.7994458362716301,0.7930560087867419,0.8481880920762033,0.8414025153655259
2024-09-22,0.8044319106515346,0.7980022303665331,0.8630632762660706,0.8561586968196218
2024-09-23,0.8134587392507969,0.8069569091404188,0.8981994808460197,0.8910138087814045
2024-09-24,0.7989898108833414,0.7926036283277627,0.8473695822394517,0.8405905536769239
2024-09-25,0.7981439258751278,0.7917645043270236,0.8429207403410766,0.8361773028912479
2024-09-26,0.7990049158604051,0.7926186125734481,0.8470934664798938,0.8403166468668728
2024-09-27,0.7996600360241489,0.7932684964789762,0.8501089217334941,0.8433079782225641
2024-09-28,0.8003082184752925,0.7939114981237992,0.8519054863273625,0.8450901701472319
2024-09-29,0.8009228605231734,0.7945212274477997,0.8545108824145244,0.8476747228446123
2024-09-30,0.8008472327481615,0.79365168292461,0.8557521316233325,0.8480583672315775
2024-10-01,0.8056024774989557,0.798364202172801,0.8660140119621339,0.8582279866380066
2024-10-02,0.8050450429372837,0.7978117761171185,0.8661946248546585,0.8584069757039698
2024-10-03,0.8051513343367254,0.7979171124966397,0.865865273253599,0.8580805851865313
2024-10-04,0.8042953579853904,0.797068827025952,0.8658310144522492,0.8580466343939334
2024-10-05,0.8041879135152348,0.7969623479359671,0.8676330402828664,0.8598324588484086
2024-10-06,0.8037884418484119,0.7965664654908636,0.8660123727659621,0.8582263621792671
2024-10-07,0.8078227342201503,0.8005645100608034,0.8798841335125157,0.8719734068369688
2024-10-08,0.8021603828283208,0.7949530344538831,0.8607695550121963,0.8530306807434324
2024-10-09,0.8016818948079151,0.7944788456109609,0.8626781360438119,0.8549221023988254
2024-10-10,0.8013958587375892,0.7941953795523816,0.8630783169839507,0.8553186854538363
2024-10-11,0.8020711948136201,0.794864647786527,0.8651749660309713,0.8573964842717031
2024-10-12,0.8035013021666622,0.7962819057367229,0.8736845234775094,0.8658295353004919
2024-10-13,0.8033664556648106,0.7961482708201562,0.8733379505737627,0.8654860783110007
2024-10-14,0.8020420812067558,0.794835795763146,0.8707102202873963,0.8628819730171541
2024-10-15,0.8039337855054847,0.7967105032465319,0.8767508210293801,0.8688682648568563
2024-10-16,0.8053607816921613,0.798124677983949,0.8812509370598998,0.8733279219376464
2024-10-17,0.8052358508750006,0.7980008696604208,0.8804300364220263,0.8725144017267253
2024-10-18,0.8066551728498098,0.7994074391381647,0.8849163291291062,0.8769603597646818
2024-10-19,0.8056973339701147,0.7984582063659766,0.8833134149040286,0.8753718567738065
2024-10-20,0.8050831624840344,0.7978495531627194,0.8813733217739558,0.873449206334075
2024-10-21,0.8045064805280766,0.797278052649085,0.8780763774916767,0.8701819037103827
2024-10-22,0.8063591615670448,0.7991140874936506,0.8844925747866753,0.8765404152474913
2024-10-23,0.8096852377217069,0.8024102791138982,0.8981653535192747,0.8900902668680661
2024-10-24,0.8107236395206062,0.803439350953755,0.9005907700968621,0.8924938773840496
2024-10-25,0.8120171286969078,0.8047212182308556,0.9049949847257804,0.8968584952787813
2024-10-26,0.8120565594204582,0.8047602946724353,0.9062716533604832,0.8981236858378605
2024-10-27,0.8128151651515478,0.8055120843902938,0.9082972966915829,0.900131117327055
2024-10-28,0.8178103335376651,0.8104623715786875,0.9267736668552772,0.91844137298913
2024-10-29,0.8126459069038139,0.8053443469146931,0.9064391323286114,0.8982896590618911
2024-10-30,0.8142910468537136,0.8069747054106624,0.914022508358948,0.9058048556436288
2024-10-31,0.815800220526296,0.8076633445702834,0.9210348689546711,0.911848365732684
2024-11-01,0.8144963320130306,0.8063724611761955,0.9146946255918261,0.9055713606554286
2024-11-02,0.8144672661181581,0.8063436851875712,0.91265474977862,0.9035518307882472
2024-11-03,0.8166917159580869,0.8085459481342355,0.9195906736163242,0.9104185749576996
2024-11-04,0.8197389849164707,0.8115628233161835,0.9315524456745876,0.922261038984033
2024-11-05,0.8193836606051063,0.8112110430463294,0.9272091656708845,0.917961079333438
2024-11-06,0.8162551462875692,0.8081137328548613,0.9169508938835037,0.9078051246786688
2024-11-07,0.8059365159079002,0.7978980215641098,0.8850191059034838,0.8761918278687988
2024-11-08,0.799772436535486,0.7917954233582538,0.8722158162200132,0.8635162396067334
2024-11-09,0.8004244014187559,0.7924408854762028,0.8753813560036523,0.8666502059479309
2024-11-10,0.7992346153210766,0.7912629664283813,0.8713674723833087,0.8626763572448894
2024-11-11,0.7996968505068768,0.7917205912325284,0.8712258909090658,0.8625361879198639
2024-11-12,0.7993084356866913,0.791336050502018,0.8706007232000276,0.8619172557024091
2024-11-13,0.7992646379115281,0.7912926895704039,0.8702393872920711,0.8615595237985946
2024-11-14,0.7961666689923397,0.7882256201143153,0.8597991343445567,0.8512234030838256
2024-11-15,0.7984408443360808,0.790477112597463,0.8680796330282948,0.8594213111617117
2024-11-16,0.8001006004990914,0.7921203141804726,0.8742137619633683,0.8654942576191987
2024-11-17,0.7990739296309043,0.7911038834339377,0.8710024544362016,0.8623149800269884
2024-11-18,0.8009131774375311,0.7929247863923058,0.8775576242695725,0.8688047678744816
2024-11-19,0.7988898349264429,0.7909216249091396,0.8739703010415696,0.8652532250034479
2024-11-20,0.798317441164046,0.7903549402614566,0.8688303149350308,0.8601645056844329
2024-11-21,0.7989992551643421,0.7910299537782447,0.8705811859406055,0.8618979133097642
2024-11-22,0.7973688229110828,0.7894157836252712,0.8680087669306713,0.8593511518903508
2024-11-23,0.7969782138799579,0.7890290705691089,0.8669220849635695,0.8582753086088717
2024-11-24,0.7941354603619407,0.7862146709693275,0.8587820787825025,0.8502164917459618
2024-11-25,0.7939892035786379,0.7860698729663407,0.8629296647573684,0.8543227092415163
2024-11-26,0.7943776491643764,0.7864544441555451,0.8696114973191735,0.8609378964694401
2024-11-27,0.7955349289945388,0.7876001811567311,0.8747171680433388,0.8659926426714847
2024-11-28,0.7949004581453799,0.7869720385855837,0.8721163002766465,0.8634177162463464
2024-11-29,0.7935991788450153,0.7856837383798366,0.8685630133543751,0.8598998701991823
2024-11-30,0.7887127347563694,0.7800603484526237,0.8668237246841235,0.8573180295154869
2024-12-01,0.7891038124819897,0.7804471359526552,0.866677339465233,0.8571732495748419
2024-12-02,0.7877249150429061,0.7790833653814292,0.8641438075756297,0.8546675007063498
2024-12-03,0.7850947839893491,0.7764820875578278,0.8557398878729452,0.8463557394167781
2024-12-04,0.7828606064553515,0.7742724195394541,0.851641799531753,0.8423025912144356
2024-12-05,0.7831166128982607,0.7745256175242992,0.8526550409964079,0.8433047213490461
2024-12-06,0.7840882785634803,0.7754866237614112,0.8543393667066349,0.8449705765371702
2024-12-07,0.786625311409107,0.7779958246889284,0.8559001936804835,0.8465142872911903
2024-12-08,0.7869689901842746,0.7783357332174698,0.8565223329919396,0.847129604146732
2024-12-09,0.7903993075131001,0.7817284190622765,0.8640537065667608,0.8545783877561834
2024-12-10,0.7964373103054717,0.7877001833747042,0.8792161921691674,0.8695745996837574
2024-12-11,0.7938021714135802,0.785093952650073,0.8708495208769153,0.8612996783339856
2024-12-12,0.7916590631869169,0.7829743548847611,0.8643597514997198,0.8548810765629108
2024-12-13,0.7925293150072817,0.7838350598135904,0.867999169735815,0.8584805844927254
2024-12-14,0.7915249561775466,0.7828417190645828,0.8642909759420725,0.854813055206455
2024-12-15,0.7897743054468181,0.7811102734331734,0.8611799057807155,0.8517361014216576
2024-12-16,0.7899628604171115,0.7812967599058116,0.8603532037320617,0.8509184650889573
2024-12-17,0.7882512541577607,0.7796039304176515,0.8542737535877574,0.8449056829397932
2024-12-18,0.7905596607153338,0.7818870131476737,0.8618020933997879,0.8523514660550684
2024-12-19,0.7907932701807818,0.7821180598557956,0.8629129880718998,0.8534501785200984
2024-12-20,0.7930863052274478,0.7843859397044314,0.8688068145772044,0.8592793726018308
2024-12-21,0.7909723323786126,0.7822951576941838,0.8643820985413528,0.8549031785441472
2024-12-22,0.7901310719649678,0.7814631261287116,0.8617658045133156,0.8523155751169713
2024-12-23,0.7903531893040134,0.7816828067820826,0.862226759451459,0.8527714751667865
2024-12-24,0.7907263963483738,0.7820519196469314,0.8642511825422596,0.85477369818594
2024-12-25,0.7907153288749393,0.7820409735865936,0.8621657502920764,0.8527111350413207
2024-12-26,0.7901957754289605,0.781527119778673,0.8619886497028546,0.8525359765588587
2024-12-27,0.7894791956762598,0.7808184010944762,0.8619164450151299,0.8524645636765862
2024-12-28,0.7886769489228473,0.7800249551991146,0.861057983325086,0.8516155159826145
2024-12-29,0.7879936126374445,0.7793491152926291,0.8586020795525084,0.8491865439517058
2024-12-30,0.7873654523284932,0.7787278460676101,0.8573306339211407,0.8479290411489099
2024-12-31,0.786487805534161,0.7770810994435566,0.8560788741870691,0.8458430793242995
2025-01-01,0.7851686823748276,0.7757777535203989,0.8532201055832436,0.8430184918804946
2025-01-02,0.7810010413678231,0.7716599591528059,0.8430260686864306,0.8329463410313876
2025-01-03,0.7798382882639825,0.7705111130372578,0.8396199771164119,0.829580974744571
2025-01-04,0.7794647347111435,0.7701420273330694,0.8379345619268677,0.8279157113946048
2025-01-05,0.7812304079386212,0.7718865824084459,0.8417021196202815,0.8316382218980387
2025-01-06,0.782343935093886,0.7729867913372871,0.843866989921363,0.8337772077053258
2025-01-07,0.7829753978069985,0.7736107015059004,0.8450968121569388,0.8349923254452055
2025-01-08,0.7831599025906407,0.773792999539152,0.8497144274367112,0.8395547297342806
2025-01-09,0.7851017793307262,0.77571165066324,0.8602301966757375,0.8499447660998527
2025-01-10,0.7874935309834795,0.778074796017611,0.8674860954396995,0.8571139089660436
2025-01-11,0.785273909443243,0.775881722031341,0.862395558156617,0.8520842372140961
2025-01-12,0.7853609908041268,0.7759677618646104,0.8625656524194205,0.8522522977274009
2025-01-13,0.7850445927187578,0.775655148025832,0.8612506443216122,0.8509530126587876
2025-01-14,0.7880585608004981,0.7786330678539162,0.8707432076036347,0.8603320771343258
2025-01-15,0.789582145104366,0.7801384294852266,0.8741085596911512,0.8636571910444413
2025-01-16,0.7913667608284569,0.7819017004974439,0.8780069215369628,0.8675089417270088
2025-01-17,0.7901558707556292,0.7807052931501498,0.8734511227606261,0.8630076148260059
2025-01-18,0.7924191618966553,0.7829415144314638,0.877034758419077,0.8665484023771516
2025-01-19,0.7920392843781396,0.7825661803987364,0.8787887361577965,0.8682814085011418
2025-01-20,0.7943677873536474,0.7848668335551274,0.883461592018575,0.8728983928815504
2025-01-21,0.7965447973198262,0.787017805618666,0.8866611165371695,0.8760596619570797
2025-01-22,0.7968913464437289,0.7873602098775987,0.8881620752197499,0.8775426742732263
2025-01-23,0.7914085530055656,0.7819429928235386,0.8659715215817572,0.8556174442657757
2025-01-24,0.7904465816162294,0.7809925269935555,0.862440191264707,0.8521283366618515
2025-01-25,0.7910803518290825,0.7816187170632972,0.8656308999662224,0.8552808953275229
2025-01-26,0.7899146600917817,0.7804669674615106,0.8627493873213413,0.8524338357841221
2025-01-27,0.7899261849684238,0.7804783544960571,0.8647696090730347,0.8544299025472377
2025-01-28,0.7864011618807046,0.7769954920825599,0.8555939890597141,0.8453639917757019
2025-01-29,0.7842377177180849,0.7748579235701893,0.849703330968194,0.8395437659418271
2025-01-30,0.7863430632814906,0.7769380883656355,0.8569561794049613,0.8467098949523734
2025-01-31,0.7849698785646144,0.7748043893942393,0.8535044399313108,0.8424527166608141
2025-02-01,0.7849828878060497,0.7748172301638561,0.8531719930965003,0.8421245745609863
2025-02-02,0.7837370136868383,0.7735874903196179,0.85024473877356,0.8392352242057419
2025-02-03,0.7843039310471613,0.7741470660067834,0.8538021387617452,0.8427465606957278
2025-02-04,0.7886972859338092,0.7784835262242963,0.861513684843167,0.8503582527291891
2025-02-05,0.7910727850817201,0.7808282622671229,0.8706799106691061,0.8594057883802168
2025-02-06,0.7920420233505823,0.7817849487408212,0.8769053840664082,0.8655506503524389
2025-02-07,0.7942989663635892,0.7840126639702107,0.8791566459135407,0.8677727614163067
2025-02-08,0.795169053977239,0.7848714838060064,0.8847802644485526,0.8733235617292684
2025-02-09,0.7943376250582387,0.7840508220283994,0.8820530281853088,0.8706316394715112
2025-02-10,0.795047833686068,0.7847518333375646,0.8873887764737591,0.8758982970666199
2025-02-11,0.7926393375544686,0.7823745276274212,0.8790865727528336,0.8677035956078577
2025-02-12,0.7943826305965619,0.7840952447375914,0.8850536943364856,0.8735934510715241
2025-02-13,0.794340012528807,0.7840531785808309,0.8846380994941266,0.8731832376179143
2025-02-14,0.7939757071981897,0.7836935910642269,0.8858266690152866,0.8743564167780861
2025-02-15,0.7941149222903358,0.7838310032980083,0.8855264245180277,0.8740600600392756
2025-02-16,0.7948933399479816,0.7845993403188235,0.88951843967526,0.8780003840221622
2025-02-17,0.7982487645115508,0.7879113115818338,0.8994546678199484,0.8878079515077256
2025-02-18,0.7960254223993951,0.7857167621160972,0.8931115460357386,0.8815469645354165
2025-02-19,0.793319308863851,0.783045693196392,0.8851599666707667,0.8736983473234148
2025-02-20,0.7905939947997729,0.7803556723981585,0.8766367544252817,0.865285499100313
2025-02-21,0.7948458223050514,0.7845524380371929,0.8909643839756118,0.8794276053077006
2025-02-22,0.7971835501498955,0.7868598919215463,0.8990899050203011,0.8874479118909141
2025-02-23,0.7985233474312341,0.7881823386074979,0.9015763556539773,0.8899021663659724
2025-02-24,0.8004057359428008,0.7900403498779102,0.9108548817556352,0.8990605481566741
2025-02-25,0.8027815278798878,0.7923853749182447,0.9183700216783899,0.9064783772244648
2025-02-26,0.8015788140599714,0.7911982364403195,0.9149247835529464,0.903077750253436
2025-02-27,0.8035838924650284,0.7931773487499008,0.9195507598666507,0.9076438264568619
2025-02-28,0.8020153141812764,0.7908359064644351,0.919447039782491,0.906633805580463
2025-03-01,0.8018742505169778,0.7906968091070005,0.915073810951905,0.9023215212119297
2025-03-02,0.8002662123247214,0.7891111855921917,0.9112889940303331,0.8985894487590761
2025-03-03,0.7994381606301398,0.7882946762302074,0.9115787293644051,0.8988751463981733
2025-03-04,0.8017606274090462,0.79058476980804,0.9199911485053645,0.9071703317105435
2025-03-05,0.8029521079240705,0.7917596421034597,0.9249887797455172,0.9120983169387296
2025-03-06,0.7988684662942129,0.7877329229462064,0.9086841526370802,0.8960209079262544
2025-03-07,0.7986029564780067,0.7874711141098141,0.9079176042032999,0.8952650419615933
2025-03-08,0.7976784794540196,0.7865595235050677,0.9041949112186397,0.8915942276986113
2025-03-09,0.7971064402725797,0.7859954580606954,0.9025356287581567,0.8899580686741215
2025-03-10,0.8012183742249793,0.7900500751697058,0.9144868740947584,0.9017427637920831
2025-03-11,0.8033832447136139,0.7921847692148004,0.9208546026731543,0.9080217529498494
2025-03-12,0.8018462200131704,0.7906691693244489,0.9140734870570564,0.9013351376353247
2025-03-13,0.8016593978692643,0.7904849513214867,0.9151740768285959,0.9024203898029642
2025-03-14,0.7983590587049737,0.7872306160631928,0.9052408111714892,0.8926255521941828
2025-03-15,0.7999619116032695,0.788811126562605,0.9144919197661581,0.9017477391479924
2025-03-16,0.8077410278463254,0.7964818085767628,0.9458809528369302,0.9326993407901897
2025-03-17,0.8083265998158063,0.7970592181736822,0.9478187394261967,0.9346101227643696
2025-03-18,0.8143438219045072,0.8029925653314897,0.9610443337083969,0.9476514077501488
2025-03-19,0.8123599190137273,0.801036316350672,0.9550889199789941,0.9417789875022443
2025-03-20,0.8100222930653955,0.7987312749092739,0.9491622684369173,0.935934928617446
2025-03-21,0.8102397600682795,0.7989457106080827,0.9523309600067984,0.9390594619210625
2025-03-22,0.810310175896623,0.7990151448999883,0.9545829112936819,0.94128003045505
2025-03-23,0.8095594897273554,0.7982749226540463,0.954252344277371,0.9409540701560553
2025-03-24,0.8109070690691492,0.7996037178920627,0.9593998083243006,0.946029800150314
2025-03-25,0.8088869071922942,0.7976117153444325,0.9509343361565945,0.9376823011478065
2025-03-26,0.8094007943550776,0.7981184393595657,0.9521207767027653,0.9388522076904653
2025-03-27,0.8100793654253998,0.7987875517293795,0.9574442351535286,0.9441014794649514
2025-03-28,0.8082746564645893,0.7970079988683672,0.9513989901548497,0.9381404798187781
2025-03-29,0.8088363679346569,0.7975618805608332,0.9530623859883361,0.9397806948931093
2025-03-30,0.810525217006819,0.7992271885209791,0.9588539286727057,0.9454915277708288
2025-03-31,0.8101900834396855,0.7980974992406946,0.9590200515427142,0.9447098440572257
2025-04-01,0.8091906861086181,0.7971130185281112,0.9554088908593189,0.9411525680226026
2025-04-02,0.807497726099301,0.7954453269858819,0.9528618325868279,0.9386435161841776
2025-04-03,0.8073686600259216,0.7953181873028538,0.9518664078321727,0.9376629448569898
2025-04-04,0.8051759558584695,0.7931582105907364,0.9466971970011957,0.9325708674283942
2025-04-05,0.8041687358810286,0.7921660239895774,0.9437768964582364,0.929694142727903
2025-04-06,0.7900956669951397,0.778303004293279,0.9000606268244816,0.8866301940627705
2025-04-07,0.79228655890201,0.780461195793916,0.9073788092155002,0.8938391767470012
2025-04-08,0.791062561830916,0.7792554676302599,0.9003736960694909,0.8869385917830851
2025-04-09,0.7904479982739842,0.7786500768115653,0.899267946525266,0.8858493418995079
2025-04-10,0.790514732249437,0.7787158147414807,0.8974247257680651,0.8840336251256019
2025-04-11,0.7913733929576826,0.7795616594117062,0.9013772903390297,0.8879272107221234
2025-04-12,0.7912475612840062,0.7794377058529808,0.9007299352403826,0.8872895152606899
2025-04-13,0.790768408037016,0.7789657042622523,0.8988033426817063,0.8853916707341432
2025-04-14,0.7912551606212522,0.7794451917654548,0.9006950593324526,0.8872551597605219
2025-04-15,0.789467127538409,0.7776838461736668,0.895713493094488,0.88234792694901
2025-04-16,0.7881112020652459,0.7763481587203054,0.8911429332676095,0.8778455676350845
2025-04-17,0.7854038354007242,0.7736812011647293,0.8884302178692929,0.8751733305564198
2025-04-18,0.7870561228658427,0.7753088272254424,0.8933403320698877,0.8800101775162776
2025-04-19,0.7853273239616743,0.7736058317058613,0.8910455330297898,0.8777496207741885
2025-04-20,0.7838531433923175,0.7721536541861885,0.8879254238364038,0.8746760689075892
2025-04-21,0.7846107413419919,0.7728999445215355,0.8911675583539689,0.8778698252733445
2025-04-22,0.7841021823010738,0.7723989760363994,0.8815339387960507,0.8683799556761161
2025-04-23,0.7874172981214934,0.7756646117187536,0.8904389882979666,0.8771521267196141
2025-04-24,0.7858908581199839,0.774160954771024,0.8851716970352059,0.8719634323858074
2025-04-25,0.7856162419379528,0.7738904374040382,0.8832035463289307,0.8700246498297853
2025-04-26,0.786622295404068,0.7748814749047691,0.88516044685653,0.8719523500788989
2025-04-27,0.7871184993697613,0.7753702727217602,0.8874544139310404,0.8742120872697398
2025-04-28,0.7848131544299438,0.7730993364699312,0.8818290399627879,0.8686706534323945
2025-04-29,0.78588429918352,0.774154493730712,0.8842258429674348,0.8710316920666894
2025-04-30,0.7850470675077125,0.772555603757734,0.8818021515910652,0.8677731345887649
2025-05-01,0.7853953795235717,0.7728983735238354,0.8811085203888154,0.8670905387008565
2025-05-02,0.7848077274648027,0.7723200720310305,0.879614677538632,0.8656204621192246
2025-05-03,0.7820024912931168,0.7695594720441024,0.8689622779178154,0.8551375366770841
2025-05-04,0.7801907555291364,0.767776564146064,0.865549203265295,0.8517787622802888
2025-05-05,0.7818840399878034,0.7694429055049995,0.8648377304850704,0.8510786086647004
2025-05-06,0.783605384845586,0.7711368607733139,0.8649813503058154,0.8512199435682408
2025-05-07,0.7838086963815833,0.7713369372692902,0.8672898194474001,0.853491686157528
2025-05-08,0.7855713380050513,0.7730715321999482,0.8716541358463825,0.8577865685356767
2025-05-09,0.7890159731636511,0.7764613572242306,0.8804575949894152,0.866449969188521
2025-05-10,0.78813832677295,0.7755976757135075,0.8769711580042562,0.8630189996159261
2025-05-11,0.7903530070613881,0.7777771165880482,0.8819210622563097,0.8678901534467128
2025-05-12,0.7943083772588367,0.7816695499687324,0.8923065566190889,0.8781104199556816
2025-05-13,0.7942361111106476,0.7815984337006051,0.891195186082373,0.8770167307504609
2025-05-14,0.791254772628887,0.7786645334975321,0.8779977008799527,0.8640292107244221
2025-05-15,0.7910617257269457,0.7784745583074376,0.8745185487089953,0.8606054100683956
2025-05-16,0.7891039511490751,0.7765479353269454,0.8689010508292294,0.855077283679869
2025-05-17,0.7839864637915411,0.771511876090684,0.857217729810066,0.8435798382666172
2025-05-18,0.7832344545673017,0.7707718326406675,0.8589327837987063,0.8452676066316931
2025-05-19,0.7803354651768785,0.7679189712117143,0.8534658176162693,0.8398876170589026
2025-05-20,0.7816034429781799,0.7691667732816534,0.8560692541210633,0.8424496342329268
2025-05-21,0.7804568360934406,0.7680384109059748,0.852536493919079,0.8389730784219721
2025-05-22,0.7802110641879433,0.7677965496588002,0.8540033728728251,0.840416620088839
2025-05-23,0.7775544272794126,0.7651821844623913,0.8470498780387836,0.8335737517678721
2025-05-24,0.7781878333455399,0.7658055119367481,0.8482940474253607,0.83479812706181
2025-05-25,0.7783249057453416,0.7659404032763508,0.849945078988035,0.8364228915646655
2025-05-26,0.77995162814381,0.7675412416931922,0.8541099082483493,0.8405214605415374
2025-05-27,0.7802005573160754,0.7677862099695312,0.8528754278077558,0.8393066200474544
2025-05-28,0.7816613061575183,0.7692237157572058,0.8554281313451526,0.8418187113894019
2025-05-29,0.7865550866247808,0.7740396276687636,0.8650024413997133,0.8512406991137228
2025-05-30,0.7846319979079395,0.7721471386369458,0.8616467004023238,0.8479383462232037
2025-05-31,0.7836001992633733,0.7703596105640933,0.8597539538968734,0.8452277739913032
2025-06-01,0.7837874732873027,0.7705437201958655,0.861857351584499,0.8472956332169249
2025-06-02,0.7768488611648885,0.7637223506537149,0.8460423204334632,0.8317478087320183
2025-06-03,0.778517473129705,0.765362767877456,0.8496600326474001,0.8353043970183152
2025-06-04,0.777259433849745,0.7641259858415462,0.8461250928865733,0.8318291826832203
2025-06-05,0.7768321856154363,0.7637059568730676,0.846547995182052,0.832244939731156
2025-06-06,0.7736611598880786,0.7605885123564475,0.839671812375353,0.8254849351264425
2025-06-07,0.7667295706951238,0.7537740470764557,0.8247645938953707,0.8108295851450583
2025-06-08,0.7661163176860945,0.7531711562787539,0.8245566010290043,0.8106251064722378
2025-06-09,0.7669923113862201,0.7540323482058614,0.8278117934314666,0.8138252999878081
2025-06-10,0.7678487946896623,0.7548743594058517,0.8291993144011831,0.8151893777629483
2025-06-11,0.768197618695739,0.7552172892899038,0.829740853140717,0.8157217668043382
2025-06-12,0.7641063696643702,0.7511951705953338,0.8246131243772724,0.8106806748166678
2025-06-13,0.7673584809919892,0.75439233059888,0.8361772958687931,0.8220494610647904
2025-06-14,0.7652825827849866,0.752351509098553,0.8257146060876511,0.8117635461776378
2025-06-15,0.7659133111496925,0.7529715799687025,0.8270715199521836,0.8130975339773081
2025-06-16,0.7663035973422302,0.7533552714475643,0.8257048045644495,0.811753910258431
2025-06-17,0.769728584458599,0.7567223861364493,0.8400993879609991,0.8259052865058466
2025-06-18,0.7697020115642192,0.7566962622475257,0.8389997827434902,0.8248242599330095
2025-06-19,0.7704034317416406,0.7573858304421587,0.8435305507234871,0.8292784772318614
2025-06-20,0.7685652317870518,0.7555786907777136,0.838440740101081,0.8242746627301492
2025-06-21,0.7666714338217677,0.7537168925489806,0.833099575638875,0.8190237411979484
2025-06-22,0.7659957992052124,0.7530526742134284,0.8343709029475412,0.8202735884900112
2025-06-23,0.764583147029419,0.7516638917947539,0.8290914210591407,0.8150833073588406
2025-06-24,0.7631179178581875,0.7502234207805835,0.826910442993972,0.8129391785336214
2025-06-25,0.7567302818471727,0.743943717438884,0.8260199514317741,0.8120637324859898
2025-06-26,0.7546455653440642,0.7418942266462821,0.8070871075028074,0.7934507729795253
2025-06-27,0.7566632696505169,0.743877837555536,0.8092660183302763,0.7955928694945568
2025-06-28,0.7533064407206398,0.7405777293759039,0.8073738170932206,0.793732638399031
2025-06-29,0.7520409519097325,0.7393336236846851,0.8033928153924195,0.7898188986708535
2025-06-30,0.7527178319725382,0.7392597327983451,0.8055460755111743,0.7911459589662245
2025-07-01,0.7490669905878277,0.7356741660535298,0.8028887923818746,0.78853617800709
2025-07-02,0.7482901744574652,0.7349112388840481,0.8083429050215656,0.793892791745044
2025-07-03,0.7450292678843464,0.7317086351731636,0.8036680608752585,0.7893015161276925
2025-07-04,0.7435800086155944,0.7302852877058058,0.803067840104747,0.7887120250339937
2025-07-05,0.7463709786000132,0.733026356984745,0.8059400974767194,0.791532937309564
2025-07-06,0.7461769252436374,0.7328357731745979,0.8065727116766034,0.7921542427606585
2025-07-07,0.7444715520324057,0.7311608909134021,0.8096957308007637,0.7952214341168895
2025-07-08,0.7459504578590916,0.7326133548777601,0.809734528721198,0.7952595384772743
2025-07-09,0.744337435330448,0.7310291721297603,0.8070822523385839,0.7926546747631346
2025-07-10,0.7433776742053303,0.730086570901561,0.8044679422185292,0.7900870986184015
2025-07-11,0.7418327137046165,0.7285692332772501,0.8014050490948401,0.7870789584372029
2025-07-12,0.743710241057204,0.7304131916771172,0.8077649494766412,0.7933251678589257
2025-07-13,0.743937026642287,0.7306359224852763,0.8075435503596298,0.7931077265205998
2025-07-14,0.7435577648846352,0.7302634416781091,0.8056864630660521,0.7912838369226904
2025-07-15,0.743208488616598,0.7299204102397475,0.8083008526944464,0.7938514911544547
2025-07-16,0.7428817749368642,0.7295995379854677,0.8117219229049716,0.7972114055711182
2025-07-17,0.7394722583615625,0.7262509813213803,0.8066847830097634,0.792264310682334
2025-07-18,0.7413082262936144,0.7280541233557842,0.8105937379836837,0.7961033883284334
2025-07-19,0.7365042443231304,0.723336033419531,0.8117562839936482,0.7972451524135132
2025-07-20,0.736815844071134,0.7236420619692274,0.8103378765130164,0.795852100692968
2025-07-21,0.7381313616904169,0.7249340589997403,0.8133866964593399,0.7988464192719752
2025-07-22,0.7417477781285747,0.7284858162933786,0.8275101652764484,0.81271741389404
2025-07-23,0.7439050527364548,0.7306045202518259,0.8350796692414393,0.8201516037626719
2025-07-24,0.7416200404101159,0.728360362441211,0.8292240356528082,0.8144006467514388
2025-07-25,0.740797181850756,0.7275522160510437,0.8262563547174385,0.8114860167248087
2025-07-26,0.7390529129711134,0.7258391335503755,0.8281415254686814,0.8133374877543965
2025-07-27,0.7390421402206977,0.7258285534096435,0.8282724400860909,0.8134660621136813
2025-07-28,0.7394342599363501,0.7262136622829892,0.8286513736358747,0.8138382217650556
2025-07-29,0.7390547919071389,0.7258409788922622,0.8287011729522199,0.8138871308580095
2025-07-30,0.7377858056293363,0.7245946812534846,0.828423511615253,0.8136144330553876
2025-07-31,0.7370004130726723,0.7230987363173026,0.8321287596804517,0.8164398308686389
2025-08-01,0.7345672761647359,0.7207114944756318,0.8258144315199757,0.8102445528477616
2025-08-02,0.726943200266876,0.7132312277762614,0.7977374907866157,0.7826969738499441
2025-08-03,0.7286706547098577,0.7149260980946619,0.8029567224114329,0.7878178022499459
2025-08-04,0.7283191740063328,0.7145812471989899,0.8110411411877172,0.7957497976552188
2025-08-05,0.7195757708995156,0.7060027666099581,0.7842362520771832,0.7694502870599343
2025-08-06,0.7184525957435333,0.7049007773552062,0.7795072835675159,0.7648104783701127
2025-08-07,0.7188533757163412,0.705293997612262,0.7807771148522202,0.7660563682967075
2025-08-08,0.7181409046865465,0.7045949655735153,0.7754746917142319,0.7608539168736421
2025-08-09,0.7180944333478739,0.704549370800876,0.7788297109757656,0.764145680710166
2025-08-10,0.7194155937351193,0.7058456107887299,0.7808163304827158,0.7660948445569697
2025-08-11,0.7183510460262773,0.7048011431203824,0.7779015382030915,0.7632350076770288
2025-08-12,0.7164385630494201,0.7029247343704496,0.7733673879546724,0.7587863441512377
2025-08-13,0.716812937188593,0.7032920468741389,0.775094378407016,0.7604807739812613
2025-08-14,0.7201163061089928,0.706533105969306,0.7901307529972552,0.7752336532496653
2025-08-15,0.72142213438449,0.7078143030475039,0.7929152217267302,0.7779656236954706
2025-08-16,0.7203970446067631,0.7068085490346999,0.7902694830585116,0.7753697676988187
2025-08-17,0.7208529623215268,0.7072558669975703,0.7913231267593929,0.7764035460353271
2025-08-18,0.7193980587264034,0.7058284065342699,0.789973635490174,0.775079498030998
2025-08-19,0.7215840540059638,0.7079731684586976,0.7951810360175968,0.7801887183967344
2025-08-20,0.720550292666044,0.7069589064511186,0.7901208375827429,0.7752239247800586
2025-08-21,0.7196106383742548,0.7060369763966494,0.7936113139602702,0.7786485918284776
2025-08-22,0.7163689333653779,0.7028564180769334,0.7854338722845706,0.7706253273745364
2025-08-23,0.718840106881657,0.7052809790610886,0.7866493877438994,0.7718179255445763
2025-08-24,0.7178769317960246,0.7043359718739564,0.7844699825387581,0.7696796107749209
2025-08-25,0.7194275345341212,0.7058573263543062,0.7873030164998058,0.7724592308049882
2025-08-26,0.7198505214252373,0.7062723346514789,0.7901762306395035,0.7752782734579124
2025-08-27,0.7150218388157028,0.7015347331100161,0.7749451071221045,0.7603343170523438
2025-08-28,0.7143582549343462,0.7008836660854415,0.7749290285371075,0.76031854161247
2025-08-29,0.7161399853657181,0.7026317886109251,0.7795511652606226,0.764853532719192
2025-08-30,0.716919247197807,0.7033963516098718,0.7818297484312342,0.7670891555561536
2025-08-31,0.7152890436360911,0.7010935014255265,0.7810447459628012,0.7655518643434002
2025-09-01,0.7128664095953396,0.6987189466949395,0.7705125801833472,0.7552286156566742
2025-09-02,0.7163139634101462,0.7020980807623213,0.7857910933914591,0.7702040627502296
2025-09-03,0.715343872326316,0.7011472419920154,0.7826778543546496,0.7671525782340151
2025-09-04,0.715457773705616,0.7012588828979416,0.7840272769220467,0.7684752335205369
2025-09-05,0.7154785247661949,0.7012792221354135,0.7845142790380911,0.7689525754139485
2025-09-06,0.7130675151251697,0.6989160611080834,0.7776663650610396,0.7622404973427586
2025-09-07,0.7162856071610093,0.7020702872679687,0.7876931632454806,0.7720684029565803
2025-09-08,0.7161628655085611,0.7019499815319152,0.787006588103233,0.7713954467874539
2025-09-09,0.7226049297005678,0.7082641972758372,0.8070186870487308,0.7910105837387498
2025-09-10,0.7239021359791534,0.7095356593512265,0.8133016733518508,0.7971689400977933
2025-09-11,0.7246734602710225,0.7102916760319409,0.8182471299793825,0.8020162981535335
2025-09-12,0.7263771050097894,0.7119615104376457,0.825251686156441,0.8088819112543999
2025-09-13,0.7241713513526383,0.7097995319080808,0.817594444439351,0.8013765593490874
2025-09-14,0.7252530669546978,0.7108597799095591,0.824139488664083,0.8077917754226261
2025-09-15,0.7239904297982694,0.7096222009015956,0.8200391921950706,0.8037728128440563
2025-09-16,0.7220617186815877,0.7077317667588343,0.8178364016281919,0.8016137170509552
2025-09-17,0.7174187636372031,0.7031809552540449,0.799981877362965,0.7841133569129972
2025-09-18,0.7177223032696906,0.7034784708746955,0.7992522698561884,0.7833982219736242
2025-09-19,0.712155844198756,0.6980224830956224,0.7877315046039309,0.7721059837720137
2025-09-20,0.7133972600380079,0.6992392619421736,0.7934495338858638,0.7777105896537904
2025-09-21,0.7112398288180136,0.6971246468483625,0.7854653635964284,0.7698847941639586
2025-09-22,0.708025485655581,0.6939740951621834,0.7761488781991317,0.7607531115018641
2025-09-23,0.7098821227722454,0.6957938856770527,0.78652240175053,0.770920864803621
2025-09-24,0.7134825882005433,0.6993228966920336,0.7976937307759807,0.7818705982303339
2025-09-25,0.7111577276213036,0.6970441750223437,0.7893060136187666,0.7736492606687133
2025-09-26,0.7129665759103793,0.6988171251210744,0.7970624665855573,0.7812518558594649
2025-09-27,0.7160583906019261,0.7018475800219861,0.8056291424335957,0.7896486022694378
2025-09-28,0.711968645714464,0.6978389997304268,0.8023224865192926,0.786407537512237
2025-09-29,0.7112837743696274,0.6971677202617289,0.8024964564110891,0.7865780565198776
2025-09-30,0.7108654312132403,0.6960605117741462,0.803336599746265,0.7866149566313938
2025-10-01,0.7069579665670779,0.6922344263831247,0.7904681469660748,0.7740143637680789
2025-10-02,0.7057131366779903,0.6910155220847525,0.7857216399207093,0.769366656400059
2025-10-03,0.705645114723468,0.6909489167971725,0.7855322466488561,0.7691812053943757
2025-10-04,0.7041068837389876,0.6894427219545608,0.7819542468089132,0.7656776824753244
2025-10-05,0.7063859120486439,0.6916742858229286,0.7896340513025966,0.7731976300049707
2025-10-06,0.7070037131963189,0.6922792202650092,0.7915984973133599,0.7751211856030218
2025-10-07,0.7076965132298326,0.6929575916201357,0.7936529123012153,0.7771328374524273
2025-10-08,0.7073182963281287,0.6925872516955843,0.7907962493540955,0.7743356366265607
2025-10-09,0.7070996625191114,0.6923731712883602,0.7894490971162426,0.7730165256841621
2025-10-10,0.7116514197007908,0.696830130783414,0.8039452229403784,0.787210911188417
2025-10-11,0.7119407490853931,0.697113434416809,0.8012586208887073,0.7845802313998594
2025-10-12,0.710753124018481,0.6959505435579023,0.8019327525327596,0.7852403308327965
2025-10-13,0.7094425954429304,0.6946673088542039,0.7998893120805913,0.7832394250814976
2025-10-14,0.7087491674906234,0.693988322657706,0.7975951168326895,0.7809929840554043
2025-10-15,0.7087501946993896,0.6939893284731924,0.7993775682621135,0.7827383333327766
2025-10-16,0.7084734993394068,0.6937183957404719,0.7972569173474184,0.780661824273162
2025-10-17,0.7074694042714735,0.6927352125722277,0.7936329452001379,0.7771132859713258
2025-10-18,0.705941948542568,0.69123956857311,0.7926451112625938,0.7761460140330303
2025-10-19,0.7042900043887714,0.6896220288213859,0.7862020803722595,0.7698370963689081
2025-10-20,0.7044794206738858,0.6898075002067788,0.7877912973103356,0.7713932333770034
2025-10-21,0.7035868251136803,0.6889334943891327,0.7837804182318189,0.7674658417040761
2025-10-22,0.7041328667102545,0.6894681637885333,0.7854090010921954,0.7690605252234007
2025-10-23,0.7021377331071293,0.6875145820614279,0.7783089353476844,0.7621082490424542
2025-10-24,0.7017444221708191,0.687129462459892,0.7766205385615352,0.7604549966385019
2025-10-25,0.7007817770624183,0.6861868659889021,0.7737016097545456,0.7575968260315041
2025-10-26,0.7007478605663409,0.6861536558585727,0.7751430120543285,0.759008225198292
2025-10-27,0.6977249559766753,0.6831937081338171,0.7644159481197853,0.74850444766056
2025-10-28,0.701691568573881,0.6870777096243784,0.7762794038645008,0.7601209627416299
2025-10-29,0.6996391714020774,0.6850680569347952,0.7697256182113451,0.7537035957015165
2025-10-30,0.7009586549084593,0.6863600600684435,0.7752133077584766,0.7590770576805759
2025-10-31,0.699516868256266,0.6842619408892376,0.768584670560312,0.7518273200905525
2025-11-01,0.7003532355963529,0.6850800688935712,0.7698240401702818,0.7530396678879475
2025-11-02,0.7028300510040207,0.6875028703941267,0.7772067062689673,0.7602613706888265
2025-11-03,0.700221433559133,0.6849511411694607,0.7687409251372648,0.7519801678695184
2025-11-04,0.7013567452991643,0.6860616942525973,0.7729158577068599,0.7560640749334847
2025-11-05,0.6996269868554805,0.6843696580435277,0.7690182682194718,0.7522514640769868
2025-11-06,0.6981055476262998,0.6828813980641804,0.7655900496538275,0.7488979905097687
2025-11-07,0.7030009199327264,0.6876700130465766,0.7745572199504142,0.7576696507719536
2025-11-08,0.7042777187493449,0.6889189676837425,0.7790412771739971,0.7620559426857402
2025-11-09,0.7034471430383016,0.6881065050057364,0.7766056201080211,0.7596733899303784
2025-11-10,0.7048289911488756,0.6894582180423535,0.7813680902112584,0.7643320245244277
2025-11-11,0.70386015007291,0.6885105052635238,0.7801127573484874,0.7631040615189326
2025-11-12,0.7022930639433276,0.6869775938424715,0.7743548245089327,0.7574716681316589
2025-11-13,0.7033254987801929,0.6879875135418723,0.7802936274777609,0.7632809881605699
2025-11-14,0.7018450458447868,0.6865393460352024,0.7793588075238684,0.7623665499631624
2025-11-15,0.700048976081928,0.684782444611267,0.7831339860281656,0.7660594187471313
2025-11-16,0.6954344088954352,0.6802685110055422,0.7695380814284815,0.7527599438669786
2025-11-17,0.695369055876461,0.6802045831924536,0.7709652185334933,0.7541559652894207
2025-11-18,0.6951794416547052,0.6800191040406466,0.7721286398513135,0.7552940206852893
2025-11-19,0.6949498628398102,0.6797945318357493,0.7711270666029231,0.7543142846066828
2025-11-20,0.6971025457205005,0.681900269428228,0.7807649221153431,0.7637420072231648
2025-11-21,0.6975714338014595,0.6823589320894111,0.7809708755005599,0.7639434702338155
2025-11-22,0.6990506691322079,0.6838059085447081,0.7838548583759124,0.7667645740099065
2025-11-23,0.6983578038385276,0.6831281531221544,0.7828211574948617,0.7657534107731885
2025-11-24,0.6974157087547666,0.68220660306415,0.7799705359770991,0.7629649409813963
2025-11-25,0.6962052115924263,0.6810225041877233,0.7744712445771744,0.757585549908467
2025-11-26,0.6991057003368046,0.6838597396395331,0.7853385489497913,0.7682159158733731
2025-11-27,0.695750059300663,0.6805772777683253,0.7737162166641283,0.7568469837696898
2025-11-28,0.6913406274199314,0.6762640059176415,0.7632753064871968,0.7466337153839101
2025-11-29,0.6920913943249646,0.676998400244506,0.7639463720697566,0.7472901498118478
2025-11-30,0.6917597612843351,0.6759970009922709,0.7634552577500344,0.7460624530432237
2025-12-01,0.6898093035610758,0.6740909873076393,0.7578913592102237,0.7406253095420732
2025-12-02,0.6907956666610983,0.6750548746784031,0.7624881509985892,0.7451173786226687
2025-12-03,0.6875127287912448,0.6718467433607552,0.7547114453387863,0.7375178394980756
2025-12-04,0.6877661304648369,0.6720943709057234,0.7571623877295716,0.739912945267241
2025-12-05,0.6873180916625711,0.6716565413243994,0.7566793357528061,0.7394408980332026
2025-12-06,0.6872789479705153,0.6716182895787525,0.7572902251034522,0.7400378702890806
2025-12-07,0.6870833620221284,0.6714271603429318,0.7547701315326284,0.7375751887209581
2025-12-08,0.6847173048719516,0.6691150172736006,0.7493719010200358,0.7322999390485847
2025-12-09,0.6870281013396391,0.6713731588561062,0.7600417733969391,0.7427267336490051
2025-12-10,0.6807970142861242,0.6652840562559817,0.7423509633998816,0.7254389502867905
2025-12-11,0.6800511439507416,0.6645551816696491,0.7383739289705222,0.7215525194421729
2025-12-12,0.6809136811993339,0.6653980647425385,0.7437427377160596,0.7267990176252097
2025-12-13,0.6805461354528728,0.6650388940647386,0.7416369725324847,0.7247412253414538
2025-12-14,0.6802280300573036,0.6647280371669552,0.741499975803405,0.7246073496300501
2025-12-15,0.6806212312380543,0.665112278682363,0.7430650404188398,0.7261367594210097
2025-12-16,0.6793529575554988,0.6638729044749747,0.7392942871448885,0.7224519102974662
2025-12-17,0.6785133891620836,0.6630524668782245,0.7389742878104598,0.7221392010902239
2025-12-18,0.6786053701551328,0.6631423519495013,0.7383724523460754,0.7215510764577335
2025-12-19,0.6761824396745719,0.660774631491996,0.7332035954495186,0.7164999748816709
2025-12-20,0.6763324864022378,0.660921259185001,0.7348488723888138,0.7181077696238062
2025-12-21,0.6760408624113783,0.6606362802742988,0.7343998613915901,0.7176689878581014
2025-12-22,0.6743433446539677,0.6589774429475798,0.7302240525164367,0.713588310986456
2025-12-23,0.6746323459055439,0.6592598588819581,0.7315257962521573,0.7148603987936283
2025-12-24,0.6759714092689012,0.6605684097234924,0.7345032740323247,0.717770044583612
2025-12-25,0.6755069705916164,0.6601145539623442,0.7320154118978166,0.7153388601650588
2025-12-26,0.6758354869256203,0.6604355845700676,0.7334707550976879,0.7167610481802617
2025-12-27,0.6764907273641303,0.6610758943945928,0.7349982751587133,0.7182537687453933
2025-12-28,0.6770100696540253,0.6615834027090481,0.736625160442102,0.7198435908247146
2025-12-29,0.6769182032098942,0.6614936295765242,0.7372156652008337,0.7204206428842307
2025-12-30,0.6754857715716451,0.660093837993121,0.7319163640197166,0.7152420687654922
2025-12-31,0.6754032323345993,0.659353085695602,0.7318792720925922,0.7144905797865672
2026-01-01,0.6734654872759802,0.6574613888210171,0.7270802322598723,0.7098055601620941
2026-01-02,0.6708557269457356,0.6549136463106285,0.7209971366952984,0.7038669926379689
2026-01-03,0.6717041293373203,0.6557418874383313,0.7237551387859307,0.7065594674598806
2026-01-04,0.671253876484951,0.6553023343042328,0.721646269107747,0.7045007023376609
2026-01-05,0.6714237233734776,0.6554681449854441,0.7225303358842327,0.7053637646046046
2026-01-06,0.6718827969818609,0.6559163092608841,0.7231373021837242,0.7059563100144434
2026-01-07,0.6725704010826995,0.6565875732760973,0.7237531024823425,0.7065574795367534
2026-01-08,0.6728993473276227,0.6569087025085831,0.7267928704545096,0.7095250257751384
2026-01-09,0.6735818019381266,0.6575749394049146,0.7298173597503044,0.7124776563426527
2026-01-10,0.6731322911165655,0.6571361106681534,0.7284893800777112,0.7111812280895299
2026-01-11,0.6726496898556286,0.6566649778465655,0.7286479704179053,0.7113360504877512
2026-01-12,0.6725621388453362,0.6565795073808817,0.7272829067134017,0.7100034192808476
2026-01-13,0.6729276557595663,0.6569363382246407,0.7289022155740371,0.7115842550427088
2026-01-14,0.6728520994008513,0.6568625773720455,0.7271403025584122,0.7098642032526533
2026-01-15,0.6732699135565878,0.6572704626761768,0.7282751232976079,0.710972061828267
2026-01-16,0.6722260048207944,0.6562513611777271,0.7265897208652541,0.7093267028093907
2026-01-17,0.6718228252981051,0.655857762732165,0.7257929824035849,0.7085488940270916
2026-01-18,0.6717242878508638,0.6557615669090112,0.7250679658469718,0.7078411031117836
2026-01-19,0.6717479266702415,0.6557846439802373,0.725171598929867,0.7079422739801309
2026-01-20,0.6710060822036553,0.6550604285564243,0.7230469419170734,0.7058680966139949
2026-01-21,0.6706543872118896,0.6547170911737429,0.7223583127914533,0.7051958286020652
2026-01-22,0.6697135023613808,0.6537985653216785,0.72056291882109,0.7034430913300251
2026-01-23,0.6698576650872552,0.6539393021935157,0.7211544071971477,0.7040205265558352
2026-01-24,0.6698563208184746,0.6539379898696682,0.7197985946920025,0.7026969267493899
2026-01-25,0.669762687393594,0.6538465815306737,0.7189103712352202,0.7018298065605616
2026-01-26,0.6688217893807319,0.6529280428290434,0.7156296366577716,0.6986270188334752
2026-01-27,0.669058732151104,0.6531593549390522,0.7154511881040714,0.6984528100323012
2026-01-28,0.6688016098039906,0.6529083427957071,0.7158827479234983,0.6988741164380876
2026-01-29,0.6693059570529438,0.6534007048380235,0.7167292749097947,0.6997005308213158
2026-01-30,0.6685177167972258,0.6526311961652849,0.7133319218774135,0.6963838953728144
2026-01-31,0.6674363478357679,0.6509228934422776,0.7102828724650719,0.6927109043162729
2026-02-01,0.6666064294035383,0.6501135085339195,0.7077124880563127,0.6902041096612749
2026-02-02,0.6667026893784523,0.6502073868814157,0.7099749565239014,0.6924106060290266
2026-02-03,0.6658358873903376,0.6493620309759803,0.7091630263121861,0.6916187624790799
2026-02-04,0.664787905132866,0.6483399774939943,0.7073402698102288,0.6898410998692001
2026-02-05,0.6636454746454076,0.6472258125839405,0.7047383325927041,0.6873035330028185
2026-02-06,0.6626424293795563,0.6462475842797455,0.7016531210702337,0.684294647745146
2026-02-07,0.6628246233494332,0.6464252704762263,0.7012134966582364,0.6838658993748844
2026-02-08,0.6629564985330638,0.6465538828545908,0.7013956647908107,0.6840435607781719
2026-02-09,0.6626221116793832,0.6462277692723255,0.7018363593258754,0.6844733527973041
2026-02-10,0.6628732458314741,0.6464726899594461,0.702168040590144,0.6847968284679463
2026-02-11,0.6627830538890799,0.6463847295115339,0.7020457989095156,0.6846776109724725
2026-02-12,0.6612487776249646,0.6448884137228956,0.699160914386487,0.6818640967455847
2026-02-13,0.661396761975604,0.6450327367014309,0.6998373047929677,0.6825237536630012
2026-02-14,0.6601580255970476,0.6438246486637376,0.6962342759683611,0.67900986158968
2026-02-15,0.6598764185962844,0.6435500090754911,0.6954520324630109,0.6782469703149601
2026-02-16,0.6593843679629392,0.6430701325703895,0.6938050427826208,0.6766407261619185
2026-02-17,0.6591663664500768,0.6428575247674322,0.6940517416685016,0.6768813218667525
2026-02-18,0.6581451369046013,0.6418615620920922,0.6903021070396012,0.6732244509279577
2026-02-19,0.6579710381737089,0.6416917708452946,0.6899844841858811,0.6729146858713002
2026-02-20,0.6586228150803306,0.6423274217374175,0.690174530691946,0.6731000307418888
2026-02-21,0.659353110115255,0.6430396480923964,0.6937470078760516,0.6765841270037943
