date,basket_0,basket_1,basket_2,basket_3,basket_5,basket_6,basket_9
2025-01-01,-0.019285714285714295,-0.0007848664688427285,0.0,0.0,-0.015,0.0,-0.021500000000000016
2025-01-02,-0.011125000000000003,-0.0014386792452830192,-0.17000000000000004,0.0,0.015,0.0,-0.045999999999999985
2025-01-03,-0.0035833333333333294,0.0002318611987381703,-0.020000000000000018,0.0,0.019999999999999997,0.0,0.014999999999999994
2025-01-04,-0.005999999999999996,0.00034354838709677374,-0.014999999999999958,0.0,0.0,0.0,0.011833333333333316
2025-01-05,0.00023076923076922618,0.0009517684887459805,0.0,0.0,-0.0025000000000000022,0.0,0.013333333333333345
2025-01-06,0.00584615384615385,0.0003536977491961424,0.0050000000000000044,0.0,0.0,0.0,0.0016666666666666774
2025-01-07,-0.005500000000000002,0.0009292763157894738,-0.009500000000000001,0.0,-0.009833333333333333,0.0,0.03516666666666663
2025-01-08,-0.0041785714285714265,-0.0020873786407767,-0.009000000000000006,0.0,-0.004833333333333338,0.0,0.004500000000000032
2025-01-09,-0.0034333333333333347,-0.0006294498381877021,0.0009999999999999992,0.0,-0.0026666666666666657,0.0,0.01499999999999999
2025-01-10,0.006000000000000003,0.00021521035598705385,-0.01500000000000001,0.0,0.011166666666666667,0.0,0.013333333333333327
2025-01-11,-0.0017333333333333356,0.0003705501618122985,0.016000000000000014,0.0,-0.008166666666666664,0.0,-0.027833333333333335
2025-01-12,0.0020333333333333306,-0.00040967741935483856,0.008500000000000006,0.0,0.003500000000000003,0.0,0.001666666666666668
2025-01-13,0.007333333333333335,-0.0001818181818181819,-0.004750000000000004,0.0,-0.0011666666666666676,0.0,-0.006666666666666654
2025-01-14,0.019033333333333336,0.00041639344262295075,0.009499999999999982,0.0,-0.005499999999999998,0.0,-0.0038333333333333366
2025-01-15,0.003266666666666661,0.0010702614379084973,0.018250000000000013,0.0,0.033166666666666664,0.0,0.042333333333333334
2025-01-16,-0.006999999999999999,0.002170454545454545,0.0017500000000000016,0.0,0.008833333333333337,0.0,0.021500000000000002
2025-01-17,-0.013,0.0006061093247588433,-0.0004999999999999987,0.0,0.01849999999999999,0.0,-0.018166666666666664
2025-01-18,0.002176470588235291,0.002262057877813504,0.014999999999999986,0.0,-0.011666666666666667,0.0,-0.002500000000000021
2025-01-19,0.0019411764705882378,-0.0013656249999999997,0.0037500000000000016,0.0,0.001833333333333335,0.0,-0.013333333333333327
2025-01-20,0.0013529411764705928,0.0008097484276729559,0.015250000000000005,0.0,-0.0030000000000000027,0.0,-0.019166666666666665
2025-01-21,0.0029117647058823476,0.002475728155339807,0.018499999999999996,0.0,-0.00016666666666666682,0.0,0.04250000000000002
2025-01-22,-0.005970588235294116,0.0007752442996742675,-0.029,0.0,-0.01,0.0,-0.008666666666666675
2025-01-23,-0.0013235294117647039,-0.005276094276094276,-0.018249999999999985,0.0,0.006666666666666672,0.0,0.007666666666666651
2025-01-24,-0.0006470588235294152,-0.001515202702702703,0.014499999999999985,0.0,-0.002166666666666664,0.0,0.005000000000000009
2025-01-25,0.0022777777777777813,0.0002340425531914877,0.00900000000000001,0.0,-0.017166666666666674,0.0,-0.006500000000000006
2025-01-26,-0.001749999999999997,-0.0009211469534050178,-0.005500000000000005,0.0,-0.010166666666666652,0.0,-0.00233333333333334
2025-01-27,-0.011833333333333338,-0.0003010752688172046,0.004000000000000005,0.0,0.004166666666666656,0.0,-0.0024999999999999974
2025-01-28,0.007555555555555559,-0.0018592057761732828,0.009000000000000011,0.0,0.008833333333333337,0.0,-0.013333333333333327
2025-01-29,-0.007111111111111114,-0.0015054151624548748,0.01224999999999998,0.0,-0.00683333333333333,0.0,-0.007999999999999988
2025-01-30,0.006657894736842102,-0.0003777372262773723,-0.013249999999999982,0.0,-0.009000000000000008,0.0,0.018
2025-01-31,-0.006774999999999992,-0.0003284132841328418,0.006499999999999994,0.0,0.01466666666666667,0.0,-0.009166666666666675
2025-02-01,-0.0032500000000000016,-0.0005295202952029516,0.0,0.0,0.008499999999999994,0.0,0.012166666666666678
2025-02-02,0.003799999999999998,-0.0014814814814814812,-0.0002500000000000002,0.0,0.0021666666666666687,0.0,-0.03000000000000001
2025-02-03,-0.005099999999999999,-0.0003888888888888902,0.004750000000000008,0.0,-0.0028333333333333266,0.0,-0.005166666666666653
2025-02-04,0.0029000000000000033,0.0031907407407407414,-0.0050000000000000044,0.0,-0.001666666666666668,0.0,-0.010166666666666694
2025-02-05,0.0011249999999999964,-0.0013549488054607505,0.00024999999999999675,0.0,0.0,0.0,0.011999999999999999
2025-02-06,-0.007524999999999999,0.0006126279863481244,-0.001749999999999998,0.0,-0.00033333333333333365,0.0,0.012666666666666678
2025-02-07,-0.0020714285714285748,0.0003993174061433442,-0.0030000000000000027,0.0,-0.0038333333333333323,0.0,0.00016666666666666682
2025-02-08,-0.0009047619047619019,-0.0010435540069686424,-0.037500000000000006,0.0,0.0019374999999999948,0.0,0.008000000000000016
2025-02-09,0.0005476190476190468,-0.00036426116838487923,-0.0034999999999999996,0.0,0.003312500000000001,0.0,0.0008333333333333248
2025-02-10,-0.009261904761904763,-0.0002319587628865974,0.0007500000000000024,0.0,-0.001437499999999994,0.0,-0.0026666666666666527
2025-02-11,-0.002214285714285711,-0.0010605536332179931,-0.007250000000000003,0.0,-0.0013125000000000042,0.0,0.0038333333333333227
2025-02-12,-0.0017142857142857179,0.00022586206896551677,-0.00150000000000001,0.0,-0.0028124999999999986,0.0,-0.022166666666666678
2025-02-13,-0.001999999999999999,0.002150519031141868,-0.0042499999999999725,0.0,-0.004812500000000004,0.0,0.011833333333333335
2025-02-14,0.0017619047619047631,-0.001390625000000001,-0.016000000000000014,0.0,0.0012499999999999994,0.0,-0.007666666666666659
2025-02-15,0.00328571428571428,-0.0011458333333333316,-0.011749999999999986,0.0,0.0014375000000000117,0.0,0.017500000000000005
2025-02-16,-0.0010714285714285658,0.0001857638888888887,-0.006500000000000001,0.0,-0.002187500000000002,0.0,0.009166666666666637
2025-02-17,0.00592857142857143,0.00046515679442508685,0.003000000000000001,0.0,-0.00012500000000000033,0.0,-0.0006666666666666649
2025-02-18,0.002666666666666662,-0.0004947735191637636,0.004,0.0,-0.0010624999999999992,0.0,0.002333333333333363
2025-02-19,0.004023809523809522,-0.0012307692307692295,-2.42861286636753e-17,0.0,-0.0033749999999999995,0.0,0.017999999999999978
2025-02-20,-0.008261904761904762,-1.950354609929129e-05,-0.010999999999999982,0.0,-0.0018125000000000012,0.0,-0.02949999999999998
2025-02-21,-0.0014047619047619034,-0.00012365591397849493,-0.003250000000000001,0.22999999999999998,-0.002000000000000012,0.0,0.00683333333333334
2025-02-22,0.0005952380952380968,-0.0007078853046594987,-0.006750000000000008,0.030000000000000027,0.004875000000000008,0.0,-0.008833333333333332
2025-02-23,0.0025714285714285713,0.000818996415770609,-0.0027499999999999972,0.015000000000000013,0.0006875000000000006,0.0,0.005166666666666662
2025-02-24,-0.0001666666666666645,-0.00012724014336917456,-0.004500000000000002,0.08499999999999996,-0.0017500000000000085,0.0,0.011999999999999983
2025-02-25,0.002785714285714285,-0.001057407407407408,0.017500000000000016,0.0,-0.0006249999999999971,0.0,-0.001666666666666668
2025-02-26,0.0012142857142857164,-0.0012948717948717946,-0.0010000000000000009,0.020000000000000018,0.0052500000000000055,0.0,-0.0028333333333333288
2025-02-27,0.004690476190476186,-0.0004761904761904764,0.0007500000000000007,0.0,0.003562500000000003,0.0,-0.0038333333333333366
2025-02-28,-0.02204545454545454,-0.00021715328467153142,-0.008000000000000002,-0.0068000000000000005,-0.001875000000000001,0.00025,-0.0095
2025-03-01,0.009272727272727273,0.0010714285714285706,-0.000833333333333334,-0.0002,0.0060624999999999984,-0.0004999999999999998,-0.0020000000000000018
2025-03-02,0.005249999999999996,-0.0008699633699633701,0.0015000000000000013,-0.0006000000000000004,-0.003937500000000005,0.00025,-0.0038333333333333366
2025-03-03,-0.010977272727272726,0.0007142857142857147,0.014999999999999994,-0.0005499999999999998,0.0,0.0,0.004833333333333356
2025-03-04,0.00631818181818182,-0.0005421245421245428,-0.0043333333333333375,0.0005499999999999998,-0.0037500000000000033,0.0009999999999999998,-0.0008333333333333572
2025-03-05,0.004159090909090908,0.001565934065934066,0.003833333333333338,-0.0015500000000000015,0.004625000000000001,-0.0005,-0.009500000000000008
2025-03-06,-0.0010681818181818166,-0.00043589743589743466,-0.003000000000000004,-0.011049999999999999,-0.003562500000000001,0.0002500000000000002,-0.0033333333333333084
2025-03-07,-0.0025909090909090934,0.0008003663003662994,0.00016666666666666682,0.006249999999999993,0.0026875000000000024,0.0,-0.01466666666666667
2025-03-08,0.0005681818181818167,-0.002456363636363636,0.003333333333333336,-0.0005833333333333323,-0.003875,-0.0002500000000000002,0.012333333333333344
2025-03-09,0.00029545454545454856,-0.0011025641025641031,0.001000000000000002,0.0006250000000000001,0.0006249999999999987,0.0005,0.010166666666666638
2025-03-10,0.00715909090909091,0.001388278388278388,-0.00266666666666667,-0.001833333333333325,0.0015000000000000083,-0.0002500000000000002,0.0013333333333333391
2025-03-11,0.006522727272727275,-0.002229779411764705,-0.001666666666666668,0.010041666666666666,0.0026249999999999984,0.0,-0.007833333333333336
2025-03-12,0.0016590909090909106,-0.0005836431226765786,-0.0050000000000000044,0.0022499999999999977,-0.006875000000000004,-0.0002499999999999998,-0.0025000000000000022
2025-03-13,-0.005304347826086955,-0.0012452830188679246,0.008666666666666675,-3.571428571428531e-05,-0.011499999999999993,0.0,-0.010666666666666644
2025-03-14,-0.001065217391304352,-0.0018282442748091617,0.011833333333333328,-0.0009642857142857142,0.01662499999999999,0.0002499999999999998,0.008833333333333337
2025-03-15,-0.0023260869565217388,-0.0006988188976377939,0.0028333333333333357,-0.002000000000000002,0.0003750000000000142,0.0,-0.006333333333333339
2025-03-16,0.003586956521739131,0.0031732283464566925,0.001666666666666668,0.000500000000000002,0.0012499999999999868,0.0,0.0015000000000000013
2025-03-17,-0.002869565217391307,-0.0004822134387351772,0.0031666666666666696,-0.0006785714285714319,-0.0017499999999999881,0.0007500000000000002,-0.008333333333333337
2025-03-18,-0.0005869565217391252,0.002890873015873015,-0.001666666666666668,0.011000000000000006,0.0010624999999999944,-0.001,0.010833333333333339
2025-03-19,-0.0048260869565217406,-0.0018545816733067722,0.0005000000000000004,-0.005071428571428572,-0.0008750000000000005,-0.00025,-0.0020000000000000018
2025-03-20,-0.0010652173913043466,-0.0014489795918367348,0.0031666666666666696,-0.007321428571428572,0.0007500000000000007,0.0,0.006666666666666672
2025-03-21,-0.004326086956521739,-0.001917670682730925,-0.010166666666666676,0.0019285714285714223,-0.0001250000000000001,0.0,0.004874999999999966
2025-03-22,-0.004708333333333331,-0.0005342741935483868,-0.004000000000000003,-0.0008235294117647058,-0.0025625000000000057,0.0,-0.005124999999999987
2025-03-23,-0.0003958333333333389,-0.0003658536585365853,0.00033333333333333365,-0.002529411764705881,0.004750000000000004,0.0,0.003500000000000003
2025-03-24,-0.003229166666666668,0.00031020408163265383,-0.0066666666666666515,0.0030588235294117675,0.0076875,0.0,-0.005750000000000002
2025-03-25,0.0029166666666666703,-0.000598765432098766,-0.0016666666666666687,0.001,-0.008187499999999997,0.0,0.002999999999999999
2025-03-26,-0.0006875000000000018,0.0005596707818930039,0.0001666666666666674,0.0013235294117647063,0.000562499999999997,0.0,0.026125000000000006
2025-03-27,0.00029166666666666864,-0.0021694214876033058,-0.00016666666666666682,-0.00045238095238095264,-0.005125000000000001,0.0,0.005125000000000015
2025-03-28,0.0008333333333333308,-0.0010971074380165284,-0.00016666666666666682,-0.0012857142857142854,0.0036875,0.0,0.010875
2025-03-29,0.0026666666666666657,-0.0004416666666666663,-0.0008333333333333335,-1.858632295689436e-19,-0.001687499999999998,0.0,0.006749999999999978
2025-03-30,0.0038125000000000034,-0.0009414225941422609,-0.00683333333333334,0.0009523809523809526,0.0002500000000000002,0.0,0.04200000000000001
2025-03-31,-0.0014999999999999996,-0.00035407725321888396,0.0,0.0006428571428571426,0.001500000000000001,0.0,-0.003875000000000005
2025-04-01,-0.0021875,-0.0008412017167381989,0.0,-9.5238095238095e-05,0.0011250000000000012,0.0,-0.005000000000000001
2025-04-02,0.00022916666666666688,0.00015990990990991173,-0.00033333333333333305,-0.0012857142857142865,0.0012500000000000011,0.0,-0.017499999999999988
2025-04-03,0.0033958333333333306,-0.00022146118721461222,0.00033333333333333305,-0.0005476190476190479,0.0012499999999999979,0.0,-0.017375000000000012
2025-04-04,-0.006916666666666664,-0.0008217592592592581,-0.0031666666666666696,-0.0010238095238095245,0.005187499999999998,0.0,-0.010249999999999976
2025-04-05,0.0018333333333333355,-0.0012112676056338033,-0.003333333333333336,-0.0016428571428571436,0.006187500000000002,0.0,-0.011625000000000014
2025-04-06,-0.002229166666666666,-0.017763392857142856,-0.009166666666666655,-0.002499999999999998,3.0357660829594124e-18,0.0,-0.009750000000000023
2025-04-07,0.009520833333333329,0.00030493273542600823,0.0015000000000000013,-0.0011428571428571432,0.010937499999999996,0.0,0.019375000000000003
2025-04-08,0.004145833333333336,0.00023515981735159955,0.0016666666666666663,0.0008571428571428556,0.0015000000000000013,0.0,-0.008749999999999977
2025-04-09,0.0010416666666666606,-0.0028022727272727266,-0.004000000000000003,0.0012142857142857146,6.250000000000006e-05,0.0,-0.004874999999999991
2025-04-10,-0.003874999999999996,0.0002420091324200919,0.0008333333333333338,0.0037619047619047606,-0.010812500000000003,0.0,0.020875000000000005
2025-04-11,0.005999999999999996,-0.00017281105990783432,-0.0006666666666666666,-0.0009761904761904737,-0.0003125000000000004,0.0,0.034625
2025-04-12,0.006708333333333338,-0.0002073732718894009,-0.008833333333333332,-0.00016666666666666747,0.00018750000000000027,-0.0005,0.006749999999999978
2025-04-13,0.0022291666666666675,6.976744186046163e-06,0.003333333333333327,-0.0007142857142857149,-0.0018125000000000012,0.0,-0.0012500000000000011
2025-04-14,0.0009374999999999992,-0.00021190476190476154,-0.0021666666666666683,-0.001976190476190472,-5.421010862427522e-19,-0.0005,0.03174999999999997
2025-04-15,0.0032499999999999972,-0.0005025000000000011,0.000666666666666667,0.00042857142857142747,-0.0012500000000000005,0.0,-0.03787499999999998
2025-04-16,-0.002208333333333333,-0.0006924999999999993,0.003333333333333336,-0.007204545454545455,0.0019375000000000013,0.0,-0.01990000000000002
2025-04-17,-0.004812499999999995,-0.002840796019900498,-0.032625,-0.014374999999999999,0.00025000000000000716,0.0,-0.0007999999999999993
2025-04-18,0.006208333333333329,0.000287179487179488,-0.0037500000000000016,0.005187499999999994,0.000749999999999997,0.0,0.011000000000000001
2025-04-19,-0.000791666666666664,0.0004897435897435893,2.168404344971009e-19,-0.020680000000000004,-0.0006875000000000004,0.0,-0.020899999999999985
2025-04-20,-0.00588,0.00048429319371727644,-0.0025000000000000022,0.0005400000000000054,0.0006250000000000006,0.0005,0.0002499999999999979
2025-04-21,-0.0010200000000000038,-0.0005471204188481695,-0.0001250000000000001,0.00011999999999999476,-0.0014374999999999943,0.0,0.0038333333333333357
2025-04-22,0.0008800000000000012,0.002455026455026456,0.0005,0.0083,-0.005000000000000015,0.0005,-0.014000000000000004
2025-04-23,0.00234,-0.0001243386243386234,0.0016250000000000004,0.0048400000000000006,-0.005499999999999991,-0.0005,0.036916666666666646
2025-04-24,0.002099999999999998,8.021390374331446e-05,0.001625000000000002,-0.004239999999999999,-0.0003750000000000001,0.0,-0.004166666666666642
2025-04-25,0.0014200000000000024,-0.00020698924731182768,0.002250000000000003,3.8461538461536626e-05,0.0066249999999999955,0.0,-0.011500000000000002
2025-04-26,0.004140000000000001,0.0003513513513513513,-0.001,-0.0005192307692307686,-0.0005624999999999996,0.0,0.0076666666666666645
2025-04-27,-0.002660000000000001,0.00022580645161290481,0.0007499999999999996,-0.001057692307692307,-0.00037500000000000033,0.0,-0.0205
2025-04-28,-0.0011000000000000025,-0.0012404371584699458,0.004375000000000002,-0.0007692307692307667,-0.0033750000000000026,0.0,-0.007416666666666671
2025-04-29,0.0016200000000000034,0.0004033149171270731,-0.0012500000000000002,0.0010576923076923083,0.001187500000000001,0.0,-0.0036666666666666722
2025-04-30,0.0062799999999999965,-0.002072625698324022,-0.003875,-0.0007692307692307691,-0.0039375,0.0,0.014416666666666666
2025-05-01,0.0008800000000000055,-0.00010670731707317075,0.0015000000000000011,0.004423076923076924,0.019687500000000004,0.0,0.0003333333333333452
2025-05-02,-0.0073600000000000046,-0.0002629870129870131,0.000874999999999999,0.00042307692307692397,0.0085,0.0,-0.011000000000000001
2025-05-03,-0.006732142857142856,-0.000623333333333334,-0.0035714285714285713,-0.000615384615384616,0.0049374999999999974,0.0,-0.012250000000000002
2025-05-04,-0.00021428571428571498,-0.0034483870967741926,-0.0007142857142857162,0.0019038461538461522,-0.001062500000000001,0.0,-0.0036666666666666705
2025-05-05,-0.0011607142857142862,0.000915032679738562,-0.002571428571428571,0.001499999999999998,-0.0016874999999999842,0.0,-0.029833333333333333
2025-05-06,5.357142857142664e-05,0.0025633333333333333,0.0009285714285714285,-0.00032692307692307627,0.005937499999999995,0.0,-0.006499999999999995
2025-05-07,0.002214285714285715,-0.002057142857142857,-0.0024285714285714305,-0.002462962962962964,-0.00743750000000001,0.0,0.018666666666666665
2025-05-08,0.00225,-0.0006496350364963491,0.0002857142857142856,0.008214285714285712,0.00353571428571429,0.0,0.00925
2025-05-09,-0.0011249999999999988,0.002761363636363636,-0.0012142857142857153,0.001535714285714285,-0.00032142857142857835,-0.00025,0.021166666666666667
2025-05-10,-0.002839285714285717,0.0012613636363636375,0.0002857142857142862,-0.0037678571428571396,-0.006714285714285712,0.00075,-0.00925
2025-05-11,0.002732142857142858,0.000628787878787878,-0.0004285714285714287,0.007196428571428568,0.0013571428571428578,0.0,0.026583333333333334
2025-05-12,0.00798214285714286,0.0012900763358778624,-0.0015000000000000002,0.01192857142857143,-0.0031428571428571456,0.00075,0.06275000000000001
2025-05-13,0.0031785714285714295,0.000645038167938931,0.0008571428571428576,0.003000000000000002,-0.002607142857142858,0.0,-0.019916666666666676
2025-05-14,-0.001696428571428568,-0.0025451127819548875,-0.001999999999999998,-0.0008571428571428586,-0.0017500000000000016,-0.00075,-0.0051666666666666675
2025-05-15,-0.0021607142857142875,0.0014023437500000021,-0.0016428571428571443,0.00023214285714285833,-0.0009642857142857136,0.0,-0.003416666666666663
2025-05-16,-0.014660714285714286,0.001999999999999999,-0.00357142857142857,0.0038928571428571445,-0.006999999999999998,0.0005,-0.01683333333333333
2025-05-17,-0.00083928571428572,-0.00693801652892562,-0.0017857142857142878,0.0016071428571428586,0.00282142857142857,0.0,-0.019333333333333338
2025-05-18,0.001982142857142858,-0.0037647058823529404,-0.003357142857142856,0.00024999999999999843,0.0012500000000000005,0.0,-0.00825
2025-05-19,0.004285714285714288,0.005460000000000001,-0.005,-0.0017678571428571428,0.0018571428571428528,0.0,0.02341666666666666
2025-05-20,-0.004964285714285713,0.00195,0.004499999999999999,0.0019107142857142819,-0.003571428571428572,0.0,-0.011916666666666664
2025-05-21,-0.00519642857142857,0.003377777777777778,0.0010000000000000015,-0.004517857142857139,0.002642857142857146,0.0,-0.043000000000000003
2025-05-22,-0.007517241379310344,0.001027777777777779,-0.006928571428571428,-0.0006964285714285697,0.0025714285714285765,-0.0005,-0.001583333333333336
2025-05-23,0.0008166666666666648,-0.0030833333333333346,-0.0032142857142857155,-0.0013166666666666648,-0.005694444444444448,-0.009666666666666665,-0.00566666666666666
2025-05-24,0.004099999999999995,0.0025166666666666666,-0.0011428571428571427,-0.004100000000000002,-0.00030555555555555295,0.0,-0.018250000000000002
2025-05-25,-0.0029333333333333303,-0.0005112359550561799,0.0005000000000000006,-0.004883333333333329,0.0011666666666666644,0.001666666666666668,0.0042499999999999994
2025-05-26,0.004466666666666669,0.0018314606741573023,-0.004571428571428572,0.0023499999999999936,-5.5555555555554786e-05,-0.004999999999999995,0.012250000000000002
2025-05-27,0.003266666666666663,-0.0032752808988764023,0.0051428571428571435,0.001533333333333337,0.0005277777777777786,0.0,0.017249999999999998
2025-05-28,0.0022999999999999987,0.0021516853932584245,-0.0009285714285714282,0.0008666666666666653,0.0015000000000000002,0.01316666666666666,0.0008333333333333352
2025-05-29,0.010000000000000005,0.007443820224719101,0.003499999999999999,-0.009600000000000003,-0.0027222222222222188,0.00016666666666666666,0.05191666666666666
2025-05-30,-0.004133333333333334,-0.003999999999999999,-0.0007857142857142844,0.010650000000000001,-0.003861111111111113,-0.007166666666666664,0.004833333333333331
2025-05-31,-0.0024666666666666704,-0.000436046511627907,0.001428571428571428,0.0036500000000000013,0.000944444444444443,0.0,-0.01966666666666667
2025-06-01,-0.0038999999999999977,-0.004458823529411765,-0.0015714285714285708,0.0033833333333333293,0.00047222222222222256,-0.003500000000000003,-0.013666666666666666
2025-06-02,0.0014833333333333332,0.0013950617283950636,-0.004214285714285714,-0.004816666666666665,-0.0003055555555555562,-0.003333333333333327,-0.01933333333333334
2025-06-03,-4.625929269271485e-18,-0.0009166666666666671,0.0014999999999999994,0.005216666666666667,-0.0014722222222222211,0.002499999999999994,-0.0027499999999999933
2025-06-04,-0.006216666666666664,-0.0014918032786885276,0.0015714285714285708,0.00048333333333333133,-0.0030555555555555575,0.003333333333333336,-0.019666666666666673
2025-06-05,-0.0008166666666666647,-0.0002786885245901611,-0.00021428571428571446,0.0005161290322580654,0.0016944444444444474,-0.00016666666666666666,-0.00858333333333333
2025-06-06,-0.002166666666666668,-0.0019836065573770505,-0.0017142857142857135,0.003757575757575759,-0.0004473684210526334,-0.003333333333333336,-0.03266666666666667
2025-06-07,-0.017449999999999997,-0.0005737704918032799,-0.0018124999999999999,0.0026060606060605983,0.0010263157894736823,0.0030000000000000027,-0.008250000000000006
2025-06-08,-0.0031166666666666673,0.0007833333333333359,0.0003749999999999987,-0.0009393939393939356,0.00028947368421052867,0.0,-0.00291666666666667
2025-06-09,-0.00040000000000000034,0.0001583333333333336,-0.0012499999999999994,-0.004469696969696971,-0.004710526315789475,0.0,-0.0026666666666666596
2025-06-10,0.006100000000000002,-0.0013500000000000007,0.0010624999999999992,0.002696969696969701,-0.0009736842105263174,-0.00016666666666666666,0.008916666666666677
2025-06-11,0.005833333333333333,-0.0031833333333333358,-0.0013124999999999994,0.0006617647058823539,-0.002166666666666665,0.0,0.021249999999999995
2025-06-12,-0.011183333333333339,0.005491666666666669,0.0011249999999999995,-0.0014117647058823548,-0.004190476190476191,-0.005166666666666662,-0.0025000000000000022
2025-06-13,0.005383333333333338,0.010200000000000002,-0.0009999999999999987,0.0038529411764705902,0.0007857142857142852,0.0,-0.011500000000000002
2025-06-14,-0.009916666666666669,0.004499999999999998,-0.00012500000000000006,-0.0084264705882353,0.008595238095238092,0.0,-0.029249999999999995
2025-06-15,0.002566666666666669,0.002737288135593223,-0.0006250000000000006,0.0004264705882352958,-0.0013571428571428567,0.003333333333333327,-0.00591666666666667
2025-06-16,0.0022833333333333325,-0.0017118644067796607,0.00012500000000000006,-0.0004264705882352894,0.0015238095238095252,-0.003333333333333327,0.013249999999999998
2025-06-17,-0.003949999999999999,0.008898305084745765,-0.001,0.0003235294117647031,-0.0062619047619047585,-0.00366666666666667,0.000749999999999996
2025-06-18,0.005516666666666662,0.0012457627118644039,-0.00043750000000000044,-0.004749999999999999,-0.003119047619047617,0.03333333333333333,0.002000000000000011
2025-06-19,-0.0017096774193548366,-0.0034716981132075437,0.0011874999999999993,0.0028970588235294136,-0.002952380952380953,-0.016666666666666673,-0.007999999999999995
2025-06-20,-0.00306451612903226,-0.005933962264150947,-0.0012499999999999994,-0.0002857142857142877,-0.0009761904761904771,0.006666666666666672,-0.0025833333333333364
2025-06-21,0.000596774193548389,-0.002849056603773587,0.002375,-0.0004571428571428559,0.0018095238095238075,0.013333333333333336,-0.005833333333333342
2025-06-22,-0.005290322580645162,0.008952830188679248,-0.0008749999999999993,-0.0029142857142857165,-0.008119047619047618,0.008333333333333323,-0.0135
2025-06-23,0.001548387096774195,-0.008644230769230772,0.00025,0.0005428571428571444,0.005285714285714283,-0.001666666666666668,-0.005333333333333321
2025-06-24,-0.010032258064516127,0.0023,6.249999999999875e-05,0.0032285714285714253,0.006880952380952384,0.00833333333333334,0.0059999999999999915
2025-06-25,-0.005612903225806452,-0.002959999999999998,-0.009916666666666667,0.001285714285714287,-0.007952380952380954,-0.004000000000000009,-0.029647727272727274
2025-06-26,0.006758064516129031,0.0005760869565217387,0.004624999999999997,0.0003571428571428647,0.003047619047619049,5.551115123125783e-18,0.00855681818181818
2025-06-27,0.010564516129032257,-0.001065217391304347,0.0020833333333333316,0.0006428571428571407,0.0005714285714285741,0.004199999999999993,0.0035681818181818132
2025-06-28,-0.00941666666666667,0.00044565217391304114,-0.00454166666666666,0.001485714285714281,-0.00047826086956521464,-0.017999999999999995,-0.020466666666666664
2025-06-29,-0.0018333333333333303,-0.0023586956521739135,-0.0028333333333333335,8.571428571428467e-05,-0.004717391304347827,0.0,-1.1627906976743874e-05
2025-06-30,-4.1666666666668725e-05,0.0018369565217391302,-0.009416666666666669,7.142857142857149e-05,-0.0014782608695652199,-0.0010000000000000009,0.010627906976744185
2025-07-01,-0.003208333333333331,-0.0007282608695652133,0.0026666666666666657,-0.0008285714285714301,-0.004891304347826086,-0.0030000000000000027,-0.018430232558139536
2025-07-02,-0.0007222222222222225,0.000797619047619043,-0.009916666666666669,0.00522857142857143,0.0006521739130434773,-0.005200000000000005,-0.024525641025641025
2025-07-03,-0.0005000000000000022,0.0023928571428571445,-0.0055416666666666635,-0.0012428571428571404,0.002282608695652175,0.0020000000000000074,-0.01808974358974359
2025-07-04,0.002236111111111112,-0.0024880952380952398,-0.022180000000000005,0.00037142857142856975,-0.010399999999999998,-0.007999999999999997,-0.001102564102564103
2025-07-05,0.005250000000000005,0.0018690476190476213,0.02376,-0.004958333333333333,0.0022199999999999998,0.0,-0.0007948717948717956
2025-07-06,-0.00044444444444444983,-0.0006190476190476194,-0.00025999999999999884,0.00011111111111110929,-0.006260000000000001,-0.007000000000000001,-0.0010256410256410246
2025-07-07,-0.0028888888888888866,0.0008571428571428568,-0.0281,-0.0006944444444444422,-0.0028999999999999994,0.0040000000000000036,-0.0003974358974358977
2025-07-08,0.001069444444444444,-0.0006904761904761888,0.014038461538461538,0.0010416666666666656,0.0025800000000000003,0.0029999999999999914,-0.0015384615384615385
2025-07-09,-0.002473684210526316,-0.00022619047619047404,-0.002242424242424242,-0.004861111111111111,-0.0033799999999999998,0.005200000000000005,0.0007435897435897439
2025-07-10,-0.0037763157894736845,0.0025595238095238045,-0.0010606060606060605,-0.0009729729729729686,-0.0013600000000000012,-0.0020000000000000018,-0.000782051282051282
2025-07-11,0.001986842105263156,-0.000142857142857141,-0.0026617647058823535,-0.0015000000000000011,3.999999999999726e-05,0.0,-0.003807692307692309
2025-07-12,0.002538461538461544,0.0047500000000000025,-0.00475,0.007824324324324327,-0.0002800000000000015,-0.01975,0.0006538461538461544
2025-07-13,-0.006089743589743592,0.0016904761904761893,-0.0005735294117647061,0.0016486486486486445,8.000000000000104e-05,0.0033125000000000034,0.0011153846153846157
2025-07-14,0.003756410256410254,0.0007250000000000006,-0.000558823529411765,0.00025675675675675884,-0.00044000000000000023,0.004375,0.0007307692307692305
2025-07-15,-0.002897435897435894,0.0028624999999999983,-0.0033823529411764718,0.0029324324324324254,-0.0012999999999999976,-0.013250000000000003,-0.005551282051282052
2025-07-16,0.000499999999999999,0.0078125,-0.0016323529411764706,-0.0001973684210526259,-0.0025000000000000022,-0.006874999999999997,-0.013384615384615382
2025-07-17,-0.002051282051282051,-0.0021375000000000005,-0.0007058823529411759,0.0010897435897435886,-0.009279999999999997,-0.0025625000000000005,-0.0071025641025641035
2025-07-18,0.0012249999999999989,0.0009249999999999985,-0.0017941176470588232,-0.0012820512820512816,0.00838,0.012437499999999999,-0.00010256410256410265
2025-07-19,0.00037209302325581474,0.0023625000000000013,-0.046363636363636364,-0.0005555555555555534,-0.00015000000000000107,0.0036874999999999963,0.0004102564102564105
2025-07-20,0.0006634615384615381,0.0027750000000000006,-0.0008493150684931492,-0.0015000000000000007,0.005403225806451608,-0.0004166666666666624,0.005294871794871793
2025-07-21,0.001778846153846154,0.005724999999999996,0.000164383561643835,0.0004062499999999989,0.0024193548387096784,8.333333333333051e-05,-0.004076923076923075
2025-07-22,0.00037500000000000033,0.0047375,0.000684931506849315,0.0007083333333333343,0.001467741935483872,0.0025000000000000053,-0.004525641025641025
2025-07-23,0.0014807692307692332,0.0011250000000000019,9.58904109589045e-05,0.0010208333333333326,0.0008225806451612915,-0.0005000000000000003,1.2820512820512032e-05
2025-07-24,-0.0036923076923076957,-0.004287499999999998,-0.0035205479452054805,-0.004156249999999998,-0.0022031250000000015,0.0002499999999999979,-0.0005769230769230767
2025-07-25,0.000875000000000002,-0.000925000000000002,-7.333333333333305e-05,0.0006249999999999988,-0.0020624999999999997,-0.0034583333333333354,-0.0006794871794871798
2025-07-26,-0.0014519230769230763,-0.007717948717948719,-0.006955128205128205,-0.0008124999999999977,-0.0029218749999999987,-0.008366666666666666,0.00035897435897435894
2025-07-27,-0.0005961538461538471,0.0002820512820512838,-0.0013461538461538478,-0.0016979166666666664,0.0014999999999999998,0.01046666666666666,0.0004230769230769232
2025-07-28,0.003692307692307692,-0.0024102564102564086,0.0006089743589743597,0.0010729166666666662,0.007941176470588238,-0.008666666666666663,0.001717948717948718
2025-07-29,0.0005000000000000009,0.001089743589743591,-0.0006923076923076915,-0.0011041666666666684,-0.006308823529411765,-3.333333333333059e-05,-0.0019487179487179486
2025-07-30,-0.003094339622641509,0.0005641025641025646,-0.0007437499999999991,-0.0008437500000000013,-0.0006351351351351353,-0.012166666666666666,-0.0006410256410256418
2025-07-31,0.0036509433962264126,0.0029142857142857134,-8.750000000000026e-05,-0.0005937500000000014,-0.0003378378378378377,-0.01887878787878788,0.00023076923076923087
2025-08-01,-0.008877358490566038,0.0007999999999999977,-0.0007687500000000006,0.0007604166666666675,2.7027027027027203e-05,-0.004431818181818182,0.0005256410256410267
2025-08-02,-0.005915094339622642,-0.012485714285714287,0.0006562500000000011,-0.003374999999999998,0.000810810810810811,-9.848484848484829e-05,-0.0005769230769230759
2025-08-03,0.0006603773584905661,-0.00247142857142857,-0.00021250000000000072,-0.000375000000000002,0.0014459459459459471,0.0016666666666666657,0.00019230769230769182
2025-08-04,-0.003971698113207544,0.008914285714285717,-0.0054625,-0.008281249999999999,-0.009432432432432431,8.333333333333467e-05,-0.004576923076923078
2025-08-05,-0.004962962962962963,-0.007571428571428576,-0.0007562499999999998,-0.000822916666666669,-0.0304390243902439,-0.0020530303030303044,0.00020512820512820544
2025-08-06,0.002231481481481482,0.0031000000000000003,-0.002141975308641975,0.0011354166666666691,0.00351219512195122,0.0003863636363636383,0.0002051282051282051
2025-08-07,0.00489090909090909,0.0038142857142857167,-0.00036585365853658504,-0.00438541666666667,-0.003361702127659575,-3.0303030303031058e-05,-0.0034743589743589745
2025-08-08,0.0017545454545454563,0.0028285714285714247,-0.002060240963855422,0.0025000000000000035,0.0011276595744680866,0.0021363636363636368,0.0026282051282051286
2025-08-09,-0.0007857142857142883,-0.0034852941176470582,-0.0032941176470588224,0.001589999999999999,-0.0023163265306122434,-0.0017121212121212123,-0.0036538461538461534
2025-08-10,-0.008025862068965519,0.005514705882352942,0.005358823529411765,0.0038400000000000036,0.0056326530612244895,2.2727272727272746e-05,0.0022179487179487187
2025-08-11,0.0015862068965517262,0.0013235294117647086,-1.7647058823530162e-05,-0.00515,-0.0018163265306122447,0.0004772727272727275,0.0006282051282051277
2025-08-12,-0.0006896551724137951,-0.004161764705882359,0.0012705882352941182,-0.0032800000000000056,0.0005306122448979576,-0.000287878787878789,0.0006794871794871799
2025-08-13,0.0007758620689655172,-0.0021911764705882337,-0.003941176470588235,0.00285,0.0005102040816326541,-0.0007727272727272738,0.0034743589743589745
2025-08-14,0.0046864406779661034,0.00633823529411765,-0.00015882352941176456,-0.004619999999999998,-0.002581632653061226,0.00020454545454545665,0.0006794871794871792
2025-08-15,-0.0042250000000000005,-0.004882352941176468,0.0014294117647058824,0.006349999999999997,0.002193877551020409,0.0006893939393939391,-0.0012435897435897432
2025-08-16,-0.0014583333333333325,0.005514705882352942,0.0002647058823529411,0.0040200000000000045,0.0002959183673469388,-0.0005909090909090913,-0.019628205128205126
2025-08-17,0.0007916666666666652,-0.004867647058823533,-2.352941176470572e-05,-0.006676470588235298,0.0002448979591836741,0.00038636363636363515,0.021025641025641025
2025-08-18,-0.001983333333333333,-0.0029852941176470604,-0.0023647058823529415,-0.0036666666666666644,-0.004479591836734695,0.000780303030303033,-0.006025641025641027
2025-08-19,0.004091666666666667,0.0007941176470588267,-0.0024352941176470594,0.007833333333333333,-0.0007346938775510173,-0.0006136363636363654,0.00258974358974359
2025-08-20,-0.002116666666666667,0.0016911764705882322,-0.0014529411764705878,0.004137254901960786,-0.00028571428571428655,-0.0006363636363636365,0.0004230769230769232
2025-08-21,-0.003793650793650794,-0.0011911764705882315,0.0016470588235294116,-0.010307692307692313,-0.0024387755102040806,-0.00037878787878787933,-0.003423076923076922
2025-08-22,-0.006875000000000002,0.0018676470588235253,-0.0007588235294117649,-0.005365384615384609,-0.004153061224489797,0.0005000000000000003,0.002974358974358972
2025-08-23,0.0110234375,-0.005455882352941175,0.007435294117647059,0.009538461538461536,0.006132653061224488,-0.0014469696969696964,0.0028076923076923084
2025-08-24,-0.0033515624999999978,-0.0010294117647058857,-0.0006529411764705877,-0.004413461538461539,0.004153061224489794,0.001446969696969695,0.0004999999999999984
2025-08-25,-0.0011796874999999997,0.0086764705882353,0.00033529411764705907,0.00047115384615384483,0.0005102040816326557,0.0010846153846153833,-0.001102564102564103
2025-08-26,0.0007803418803418801,-0.011838235294117648,-0.003232824427480916,0.0032025862068965527,-0.003972000000000001,-0.0003153846153846144,-0.00043589743589743575
2025-08-27,-0.0012549180327868842,-0.0010735294117647052,-0.0052889655172413804,-5.6756756756755686e-05,-0.004676136363636364,0.00034615384615384575,-0.00017948717948717925
2025-08-28,9.516129032257755e-05,0.00048529411764705865,6.866666666666784e-05,0.0004602649006622512,0.00015517241379310343,-0.005661538461538462,-0.013423076923076923
2025-08-29,0.0031270491803278722,0.0036176470588235293,0.0012814569536423832,-0.0010044585987261144,0.0006292134831460668,0.0018461538461538461,-6.410256410256398e-05
2025-08-30,9.008264462809786e-05,-0.004661764705882354,0.001373648648648649,-0.00030324675324675356,-5.340909090909151e-05,-0.00018461538461538466,-0.0008076923076923073
2025-08-31,0.0014223999999999997,0.0026029411764705883,-0.004982894736842105,-0.006714379084967319,0.00016436781609195447,-0.0005923076923076927,0.0006923076923076918
2025-09-01,-0.00025853658536585574,0.0034852941176470574,-0.0017236842105263154,0.001158904109589039,-0.001584090909090908,-6.15384615384617e-05,0.00030769230769230814
2025-09-02,-0.0007776000000000007,-0.0004852941176470599,0.0003934640522875819,-0.00012387096774193427,0.0003852272727272715,-9.999999999999976e-05,-0.00032051282051282084
2025-09-03,-0.00020708661417322634,0.002588235294117648,-0.0016621794871794881,-0.00015341614906832273,-0.0002613636363636369,-0.00046153846153846153,-0.0007820512820512817
2025-09-04,-0.001165079365079368,-0.00339705882352941,0.000685806451612903,0.0005337748344370852,0.00042696629213483214,-0.0011307692307692308,-0.00015384615384615401
2025-09-05,0.001937007874015748,-0.00363235294117647,-0.0003091503267973859,0.0008212500000000013,0.0006842696629213498,-0.0011230769230769228,-0.0026025641025641025
2025-09-06,0.00015271317829457497,-0.0008382352941176484,-0.0022477707006369418,-0.0036968750000000014,0.0020802325581395324,-0.00020000000000000055,-0.0023461538461538463
2025-09-07,0.003926717557251908,-0.0005441176470588246,0.001065384615384616,0.0009228187919463076,-0.0008542168674698794,-0.0018769230769230768,0.0011025641025641023
2025-09-08,-0.00328125,-0.0019705882352941163,0.0015918238993710694,0.003023529411764708,-0.0022865168539325837,-0.0003230769230769214,-0.0041794871794871786
2025-09-09,0.006398496240601506,0.0032941176470588224,-0.0019240740740740744,-0.00012035928143712732,-0.000499999999999999,0.0007692307692307686,0.005153846153846154
2025-09-10,0.001111450381679386,0.0014310344827586207,0.0002658227848101262,-0.0017150326797385604,0.0026711111111111133,-0.0006484375000000006,-0.000653846153846154
2025-09-11,-0.0021690476190476186,0.010051724137931038,-0.0008420382165605098,0.0006473684210526301,-0.0008333333333333358,-0.0012109374999999972,-0.0005128205128205128
2025-09-12,-0.0007367187499999995,0.004517241379310341,0.0006710691823899376,-7.096774193548222e-05,0.000599999999999999,0.00018749999999999832,0.0011410256410256416
2025-09-13,-0.0033543307086614164,-0.01001724137931034,0.0011677018633540377,0.0012305194805194795,-0.006167045454545453,-0.00022656249999999885,-0.00024358974358974382
2025-09-14,0.0009629921259842513,-0.0019310344827586205,-0.0009100000000000008,-0.0009899999999999983,0.0017443181818181815,0.0010781249999999999,-0.001320512820512821
2025-09-15,-0.0022275590551181098,-0.0033793103448275905,0.0017882352941176467,-0.0024613333333333345,-0.0008033707865168528,0.0013437500000000008,-0.0014871794871794872
2025-09-16,0.0010689393939393962,0.0031896551724137916,-0.0030174698795180717,3.0573248407642716e-05,0.0008923076923076908,-0.001804687500000002,0.0017307692307692313
2025-09-17,-0.0024102189781021926,0.0009310344827586242,-0.0009395061728395056,0.0017251612903225815,0.0012065217391304343,4.687500000000118e-05,0.0024230769230769228
2025-09-18,0.0009333333333333341,0.0040178571428571425,-0.0003554878048780494,3.2911392405062095e-05,0.002834782608695654,-0.00031250000000000185,0.004192307692307691
2025-09-19,-0.0030125874125874123,-0.003071428571428573,0.0010538922155688634,-0.012260736196319018,-0.005338541666666668,-0.00011718749999999766,0.0002179487179487181
2025-09-20,0.00011549295774647612,0.0011964285714285703,-0.004136416184971098,0.0021037500000000006,-0.001875,-0.0002890625000000005,-0.0008076923076923077
2025-09-21,-0.0001999999999999971,0.0023571428571428584,-0.0013941520467836267,-0.0013918238993710702,-0.000449999999999999,3.906249999999823e-05,-0.0060384615384615386
2025-09-22,-0.001746853146853148,-0.0016428571428571414,0.0007821839080459775,0.0009944444444444451,-0.00121505376344086,-0.00010937500000000031,-0.00025641025641025646
2025-09-23,0.0005971830985915511,-0.0010714285714285726,-0.0017101796407185627,0.0006833333333333346,-0.0008032258064516125,-0.0014296874999999995,0.00015384615384615412
2025-09-24,0.003528057553956832,0.0017115384615384592,-0.0006261627906976741,-0.0001961783439490442,-0.0006822916666666673,0.000867187499999999,-0.000987179487179487
2025-09-25,-0.004100709219858154,-0.00819230769230769,-9.085714285714303e-05,0.0021270440251572316,-0.0014578947368421068,-0.00030468749999999984,-0.0017564102564102562
2025-09-26,0.00019787234042553176,0.005980769230769232,-0.0006011560693641618,-0.0002879746835443044,-0.0038031914893617,-6.249999999999973e-05,0.0001666666666666677
2025-09-27,0.0009840277777777772,-0.002173076923076925,0.0006418604651162783,0.0009292207792207799,0.0010364583333333326,-0.000546875,-0.0013076923076923079
2025-09-28,0.0026298611111111123,0.003346153846153849,-0.02115508021390374,-0.0008728395061728395,0.0002448979591836748,-0.0007578125,5.128205128205119e-05
2025-09-29,0.0005048951048951032,5.769230769230721e-05,-0.0006000000000000004,-0.0029429447852760762,0.0016702127659574456,-0.001132812499999999,-0.0019615384615384625
2025-09-30,-8.321678321678208e-05,-0.005769230769230775,0.0015041450777202078,0.0012006024096385555,-0.003638541666666667,-0.0005234375000000009,-0.0030512820512820513
2025-10-01,0.0004627586206896513,0.00932692307692308,-0.015434112149532709,0.0010890243902439043,0.002336458333333332,-0.00037499999999999876,-5.128205128205106e-05
2025-10-02,-0.004055172413793101,-0.003699999999999999,-0.0031488372093023253,0.0032475308641975323,0.004343617021276598,-0.0004062500000000006,0.0006666666666666669
2025-10-03,0.0011452054794520556,-0.010440000000000003,0.001271226415094339,-0.0005779141104294486,-0.00019999999999999963,0.000671875,0.0011794871794871798
2025-10-04,-0.0043421768707483,0.003599999999999996,-0.0027758139534883714,-0.0010743902439024385,0.0029936842105263146,0.0003046875000000009,0.00024358974358974355
2025-10-05,0.003287999999999998,0.006940000000000002,0.0004116279069767432,-0.0008368098159509205,-0.0019319587628865978,0.0008515624999999992,0.0004487179487179491
2025-10-06,0.0008651315789473694,-0.004679999999999998,0.0014285714285714292,-0.0005456250000000011,0.0003968421052631586,-0.0003359375,0.00014102564102564074
2025-10-07,0.0007394736842105282,-0.0008599999999999993,0.0008303317535545026,-0.0011672727272727288,0.002481000000000001,-0.0010234374999999974,-0.0007820512820512823
2025-10-08,0.00013399999999999925,-0.005720000000000002,0.00028476190476190577,0.0011179012345679026,0.0001319999999999987,-0.001375000000000001,0.0009358974358974354
2025-10-09,-6.442953020134077e-05,-0.0001200000000000008,-0.00039483568075117376,0.0005536585365853669,0.0009846938775510195,0.0002421874999999993,-0.0005384615384615389
2025-10-10,0.000469934640522874,0.010620000000000003,0.0023253521126760566,0.00425939393939394,0.0016979591836734696,0.0002968750000000011,6.41025641025644e-05
2025-10-11,0.0026670967741935503,0.0036000000000000042,0.0004901869158878481,-0.00279766081871345,-0.001693877551020409,0.0001562499999999997,0.0005641025641025641
2025-10-12,-0.0013554140127388535,-0.002600000000000001,-0.0004046296296296294,-0.006334482758620691,-0.000799999999999998,0.0001406250000000003,0.0008461538461538459
2025-10-13,-0.0014174193548387108,-0.0015800000000000002,-0.0008438356164383551,-0.007463068181818183,0.0007260000000000005,0.0007421875000000008,-0.0007435897435897431
2025-10-14,-0.001373717948717951,-0.0014199999999999985,0.0006197247706422014,-0.001566285714285715,0.001983673469387753,-0.0015703125000000003,0.004525641025641026
2025-10-15,0.0024486842105263164,0.0008800000000000001,-0.001899999999999998,-0.00019763313609467542,-0.0016275510204081607,-0.00039843749999999927,-0.0013717948717948724
2025-10-16,-0.002833116883116881,-0.0019999999999999983,-0.0004756880733944974,7.200000000000079e-05,-0.00438,-0.00016406250000000085,0.0021794871794871776
2025-10-17,0.0007070512820512817,-0.004120000000000003,0.0009577092511013212,0.0003510101010101016,-0.0015929292929292929,-0.00020312500000000056,0.0017179487179487202
2025-10-18,-0.0005762820512820502,0.0013200000000000028,-4.734513274336215e-05,-0.007823474178403756,-0.0005909090909090913,-0.0009609374999999993,0.001525641025641025
2025-10-19,-0.00196346153846154,-0.000420000000000005,-0.0005809523809523819,0.0002640909090909086,-0.001768367346938775,0.0003593749999999988,-0.00017948717948717866
2025-10-20,0.001687012987012988,0.0016799999999999992,0.001414410480349345,-0.0012707207207207202,-0.0015484848484848487,-0.002234374999999998,-0.0007179487179487184
2025-10-21,0.00016772151898734132,0.0076,-0.000917180616740089,0.0003022421524663672,0.004193069306930692,-0.0014531249999999996,-0.003615384615384616
2025-10-22,0.0008227848101265811,-0.006739999999999995,0.00039090909090909134,0.000357466063348416,0.0007450980392156875,0.00042187500000000016,0.003269230769230771
2025-10-23,-0.0005594936708860759,-0.013860000000000004,-0.0011318965517241382,-0.00035294117647058793,-0.0012850000000000001,0.00035156250000000026,-0.0034230769230769245
2025-10-24,0.00044203821656050955,0.004480000000000001,-9.19148936170209e-05,-0.0021933054393305446,-0.0017666666666666653,-0.0001796875,0.005230769230769231
2025-10-25,0.0005656050955414026,0.0026599999999999996,-0.0010721518987341758,0.0004364754098360658,0.0005356435643564352,0.0006640624999999999,-0.00269230769230769
2025-10-26,0.00012767295597484476,0.003879999999999997,-1.6101694915253183e-05,-0.00243817427385892,-0.002621000000000001,-0.00011718750000000065,-0.0014999999999999998
2025-10-27,-0.004433962264150945,0.0031600000000000013,0.0001902542372881345,-0.00015263157894736902,0.0003316831683168315,0.0033593749999999978,0.0007307692307692299
2025-10-28,0.0020062500000000002,-0.0007400000000000015,0.0007046218487394962,0.005451821862348178,0.0018382352941176462,-0.0027109374999999985,0.0017051282051282041
2025-10-29,-7.096774193548949e-06,-0.00638,-0.00010421940928270106,-0.004271314741035856,0.003885,0.0016562499999999987,-0.0008717948717948728
2025-10-30,0.0021139240506329138,0.009708333333333334,0.0009428571428571414,-0.0009149193548387095,-0.0010858585858585866,-0.0031562499999999993,-0.0027307692307692298
2025-10-31,-0.0002734177215189874,0.0015833333333333357,0.002645922746781116,-0.005353305785123968,-0.002197979797979799,-0.0008593749999999999,0.002794871794871795
2025-11-01,0.001926875000000001,-0.002166666666666667,0.0018673728813559326,-0.002099596774193548,0.001243137254901962,-0.00010156250000000128,0.002525641025641028
2025-11-02,-0.0016345911949685564,0.004374999999999994,-0.00016851063829787183,0.0022894736842105252,-0.001658415841584158,0.000484375,0.0001538461538461506
2025-11-03,-0.0010812500000000006,-0.0007291666666666618,-0.0010341880341880336,-0.004385245901639344,-0.002322772277227722,0.0005781250000000007,-0.0009230769230769232
2025-11-04,0.0004375796178343962,0.0032499999999999964,0.000763559322033898,0.0004401639344262313,-0.00026862745098039416,0.0006093749999999987,-0.0009871794871794874
2025-11-05,-0.005865408805031447,-0.0034999999999999996,-0.0010550420168067222,0.00035352697095435636,-0.007720388349514562,-0.0005468750000000003,-3.8461538461537514e-05
2025-11-06,0.0014354037267080766,-0.0004374999999999973,-0.0027267782426778245,0.0011956709956709962,-0.006801785714285714,-0.0010000000000000005,0.0007179487179487191
2025-11-07,0.0024509316770186334,0.050229166666666665,0.0011742857142857139,0.006073593073593074,0.012565185185185186,-0.0010703124999999992,-0.0003076923076923105
2025-11-08,0.0025161490683229797,0.0010000000000000024,-3.505976095617471e-05,0.0019098290598290608,0.0011481481481481488,-0.0010703124999999988,-0.0011794871794871776
2025-11-09,-0.0021852760736196324,-0.0007291666666666718,-0.0007785714285714287,-0.0020754237288135597,0.000533333333333335,-0.00022656250000000153,0.0005769230769230767
2025-11-10,-0.0001484662576687103,0.0008125000000000036,-0.0015920634920634925,0.0019552742616033756,0.004191176470588234,-0.0013828125,-0.0008205128205128201
2025-11-11,-0.00062222222222222,-0.0027083333333333334,0.0006793650793650795,-0.0009642553191489371,-0.0051380597014925354,0.0009062499999999997,0.0003461538461538454
2025-11-12,-0.0005012269938650336,-0.0007499999999999998,-0.0016079365079365077,-0.0027131355932203394,-0.0009087591240875922,0.0002734375000000004,-0.0006153846153846154
2025-11-13,-0.001089634146341463,0.014749999999999997,0.00164505928853755,0.003910212765957447,-0.00946013986013986,0.00030468750000000016,0.0010384615384615393
2025-11-14,0.001945731707317071,0.0038958333333333323,-0.0006490421455938712,0.0017694915254237286,-0.008607471264367818,-0.00010156249999999958,-0.0013846153846153858
2025-11-15,0.001596407185628744,-0.0026666666666666657,0.0008309433962264164,-0.00029529914529914577,-0.02432555066079295,0.0003906250000000001,0.000961538461538462
2025-11-16,-0.0016469879518072298,0.0010000000000000007,-0.003918113207547171,-0.004329487179487178,-0.00914298245614035,-0.0003437499999999977,-0.0002820512820512813
2025-11-17,-0.0007532544378698223,0.003833333333333336,0.0008716981132075467,-7.982832618025873e-05,-0.0017948717948717949,-0.0007187500000000006,-0.00033333333333333424
2025-11-18,-0.002783529411764706,0.0013124999999999988,0.0005698113207547175,-0.001493248945147679,0.002461702127659574,0.0008515625000000001,-0.001358974358974357
2025-11-19,-0.00027083333333333224,-0.0027708333333333335,0.0014015094339622652,-8.042553191489443e-05,-0.003636170212765956,-0.00046875000000000063,8.974358974359051e-05
2025-11-20,0.002589940828402366,0.007520833333333333,-0.00018773234200743512,-0.001520940170940172,0.0017237500000000009,0.0003671874999999993,-0.0006282051282051291
2025-11-21,0.0011970760233918128,8.333333333333456e-05,0.002444981412639405,0.000336324786324787,0.0002500000000000013,-0.0006874999999999997,0.0002948717948717956
2025-11-22,0.003811834319526627,-0.016916666666666663,0.0004356877323420071,-0.0009764957264957272,0.0011432098765432096,5.468749999999918e-05,0.0005256410256410247
2025-11-23,-0.0029232142857142864,0.005041666666666668,0.0014356877323420073,-0.0024271551724137927,-0.0006881147540983632,0.00026562500000000034,0.0004615384615384591
2025-11-24,-0.0031058823529411753,0.0008333333333333256,-0.0001824626865671633,0.0026927350427350446,-0.0032187499999999985,-0.0005859374999999976,0.000615384615384616
2025-11-25,-0.005482456140350879,-0.008520833333333328,-0.0022951492537313435,-0.00014237288135593304,-0.00012857142857143004,-0.00018750000000000198,0.0006666666666666678
2025-11-26,0.0028195266272189345,-0.010062500000000007,0.0031129629629629636,0.00027692307692307787,0.0032349442379182177,0.0014765625000000004,-0.0014615384615384627
2025-11-27,-0.005782941176470586,-0.008791666666666663,-0.0012647940074906384,-0.0034926406926406913,-0.002905734767025093,0.0008046875000000003,0.002320512820512822
2025-11-28,0.0024988023952095795,0.005937499999999998,-0.004868539325842695,-0.0019637931034482757,-0.011354512635379059,0.00033593750000000046,0.0008846153846153826
2025-11-29,0.002694082840236688,0.005916666666666672,0.0008850746268656704,0.0015779220779220775,-0.0011982332155477033,0.0008984374999999998,-0.00016666666666666541
2025-11-30,0.0010988095238095236,-0.009708333333333336,0.0009458646616541368,-2.6086956521743046e-06,-0.0034917857142857133,-0.0005390625,-0.0005512820512820521
2025-12-01,-0.003985549132947976,-0.0046875,-2.6119402985082657e-06,-0.0025238095238095232,-0.0017620209059233448,0.001359374999999999,-0.0003589743589743573
2025-12-02,-0.007498850574712643,0.006458333333333331,0.0035270676691729315,-0.0009080508474576277,0.0005964412811387893,-0.0026953124999999985,0.0005897435897435888
2025-12-03,0.0030674033149171265,-0.003708333333333332,-0.0025267657992565046,0.00015299145299145332,-0.010681694915254237,-0.0006718749999999998,0.0007820512820512817
2025-12-04,0.0009368715083798877,0.0129375,-0.001963099630996311,0.0011906382978723385,0.004118815331010454,0.00028906250000000134,-0.00010256410256410276
2025-12-05,0.0024196808510638292,0.0037916666666666654,0.0027174545454545463,0.00015129310344827706,-0.005069337979094078,1.562499999999504e-05,-0.00010256410256410283
2025-12-06,-0.00015510204081632664,-0.002083333333333334,-0.0006437956204379549,-0.00038961038961039053,-0.001292579505300353,0.0001875000000000012,0.0003717948717948731
2025-12-07,0.00030151515151515223,-0.006895833333333334,-0.0004263736263736264,0.002209401709401709,-0.0022233215547703177,-0.0011718749999999987,-0.00030769230769230765
2025-12-08,-0.005768075117370893,-0.005270833333333333,0.0002860714285714273,-0.0021115384615384594,-0.0013824561403508761,5.4687499999998504e-05,1.28205128205129e-05
2025-12-09,-0.0015293269230769236,0.004770833333333332,0.0013957295373665485,0.0015817391304347814,0.003888363636363636,-0.001079365079365079,-0.00033333333333333446
2025-12-10,-0.0247192,-0.004520833333333334,-0.00022607142857143048,-0.00011471861471861537,0.001095999999999998,0.0006031746031746027,0.0005384615384615389
2025-12-11,-0.0005051369863013703,0.00473684210526316,0.0014449999999999992,-0.0024450216450216454,-0.005330370370370371,-0.0011666666666666668,0.0005769230769230777
2025-12-12,0.00026896551724137747,-0.003342105263157897,0.0011478571428571432,0.0009834782608695656,0.001746268656716418,0.00023809523809523796,-0.0004358974358974356
2025-12-13,0.0024746575342465774,-0.009157894736842106,-0.0005638297872340419,-0.00313203463203463,-7.547169811320664e-05,0.0011190476190476191,0.0005769230769230754
2025-12-14,-0.0002939189189189176,0.0006315789473684239,-0.001954121863799283,0.004106086956521739,-0.0019944029850746284,-0.0005555555555555552,-0.0017307692307692302
2025-12-15,-0.0031983606557377045,0.007000000000000004,0.0015839285714285727,0.0016886462882096072,0.0018195488721804523,0.0010476190476190477,-3.8461538461538686e-05
2025-12-16,-0.0037401315789473677,-0.003131578947368421,0.0006717857142857151,-0.0015113537117903933,-0.002828464419475655,-0.0014126984126984125,0.00016666666666666596
2025-12-17,-0.005554575163398695,-0.0095,0.00011474820143884882,0.0023252173913043484,-0.0009737642585551326,-0.0009682539682539692,0.00014102564102564275
2025-12-18,0.002608832807570979,-0.000394736842105267,9.081272084805739e-05,-0.0002440528634361235,-0.001561596958174905,-8.730158730158628e-05,0.00016666666666666815
2025-12-19,-0.005751076923076925,0.0003684210526315845,-0.002679298245614037,-0.002425217391304348,-0.0012962264150943401,-0.0009603174603174594,0.00017948717948717782
2025-12-20,-0.001553395061728395,0.0067631578947368425,0.0007338028169014079,0.00044672489082969524,0.0003710937500000011,0.0011190476190476178,-7.692307692307472e-05
2025-12-21,0.0009690184049079761,-0.006421052631578949,-0.0007116197183098577,-0.00019913043478260903,-0.0019651162790697684,0.0004841269841269839,0.00024358974358974363
2025-12-22,-0.001454268292682927,-0.002184210526315783,-0.0007873684210526336,-0.0013565217391304362,-0.006174806201550388,-0.0007857142857142856,-0.002730769230769232
2025-12-23,-0.00047822085889570614,0.01678947368421052,-0.0005063157894736833,0.00040478260869565406,0.0016077821011673175,-0.0006190476190476201,-0.0004102564102564105
2025-12-24,-0.0017006060606060604,-0.001447368421052631,0.004388111888111889,0.001046052631578946,0.005370703125,0.001357142857142856,0.00033333333333333267
2025-12-25,-0.0008201183431952659,-0.007947368421052634,-0.0002882352941176468,0.0005205240174672493,-0.003180392156862745,0.00017460317460317763,0.0006282051282051295
2025-12-26,0.0028776785714285714,0.0011052631578947342,-0.0005416083916083926,-0.0005603524229074901,-0.0005644531250000005,-9.523809523809516e-05,-0.00010256410256410532
2025-12-27,0.002249107142857143,-0.0008421052631578946,0.0003786713286713281,0.0008222707423580798,0.00022829457364341067,-0.00023809523809523923,0.00024358974358974555
2025-12-28,0.0010899109792284866,0.0075526315789473724,-0.00022222222222222174,0.0008455752212389374,0.0006768627450980381,0.00031746031746031697,-0.00034615384615384846
2025-12-29,-0.0001634218289085543,0.0029736842105263215,-0.0011503472222222217,-0.0006263157894736836,0.0006891891891891884,0.0011190476190476196,-0.00025641025641025565
2025-12-30,-0.004807374631268436,0.002315789473684213,0.0010451388888888886,-0.0014340611353711795,-0.0028725868725868716,-0.0005079365079365083,0.00029487179487179684
2025-12-31,-0.0036014836795252225,-0.002763157894736845,0.0006643598615916947,0.0010797413793103446,0.000702334630350195,-0.0013888888888888876,-0.0014743589743589755
2026-01-01,-1.8844984802431997e-05,0.008210526315789474,-0.004741868512110726,-0.0009682608695652168,-0.006876470588235295,-0.0011746031746031743,0.0021794871794871802
2026-01-02,-0.0009981884057970994,-0.01,-0.002629513888888888,-0.0032747826086956524,-0.008063241106719368,0.0007063492063492048,-0.00032051282051282116
2026-01-03,-0.0002779850746268661,0.006583333333333333,0.001371626297577855,0.0002099999999999986,0.003998015873015874,0.0004841269841269848,0.0001025641025641023
2026-01-04,-0.00029280303030303125,-0.00491666666666667,-0.0007931034482758619,0.00018577586206896567,-0.0016948818897637799,0.0002460317460317469,-0.0005641025641025653
2026-01-05,-0.000704615384615384,0.017805555555555554,0.00015551724137930837,-0.0007969565217391307,0.0029928853754940714,-0.0003095238095238091,0.001500000000000001
2026-01-06,0.0006467181467181465,-0.01891666666666667,-0.0015255172413793097,0.0022517391304347823,0.0038608695652173905,-0.00046031746031746006,-0.0006666666666666674
2026-01-07,0.0006763565891472848,0.0010277777777777776,7.044673539519082e-05,-0.0001666666666666671,0.003112301587301587,-0.0003968253968253973,0.0017692307692307712
2026-01-08,0.0009133858267716561,-0.001944444444444444,0.0012608247422680394,0.00025695652173913044,-1.9123505976096815e-05,0.00020634920634920637,-0.0014999999999999994
2026-01-09,-0.0007078740157480325,-0.0035277777777777755,0.0014707903780068739,0.0026276315789473693,0.0010976095617529866,-0.0006031746031746028,0.0008846153846153817
2026-01-10,-0.0016125490196078412,0.007194444444444444,0.0005597938144329886,-0.0007734782608695667,-0.0012111553784860528,-0.0010555555555555546,-0.0004871794871794849
2026-01-11,0.0014409448818897632,-0.00130555555555556,-0.0025412371134020625,0.0005802631578947386,-0.0021414342629482064,-0.00023015873015873065,-0.0006666666666666674
2026-01-12,-0.002363095238095239,0.010361111111111113,0.0018728222996515695,9.217391304347745e-05,-0.0006992031872509978,-0.0003571428571428571,-0.0005769230769230771
2026-01-13,-0.0009157480314960635,-0.0016666666666666679,-0.0007856140350877191,-0.00015895196506550077,0.0023027888446215147,-0.0003492063492063497,0.0014487179487179484
2026-01-14,-0.0002753968253968275,-0.007166666666666662,-0.000517375886524823,0.0015511013215859014,5.8964143426293465e-05,0.0009285714285714281,-0.00037179487179487094
2026-01-15,0.0001259842519685047,-0.0022222222222222183,0.0019091872791519434,0.000951528384279476,0.00037131474103585744,-0.0009761904761904753,0.00020512820512820647
2026-01-16,-7.874015748030416e-06,0.003999999999999996,-0.0010925531914893617,-0.0014798245614035073,-0.004300796812749004,0.0003174603174603175,-0.00015384615384615353
2026-01-17,-0.0005925196850393706,-0.0005555555555555569,-0.0013301418439716304,2.2368421052630706e-05,-0.0001035856573705167,-0.0005238095238095249,-0.0003717948717948724
2026-01-18,0.000671259842519685,0.006722222222222221,-0.0010739436619718312,0.0011790393013100427,-0.000983266932270918,-0.00048412698412698453,-0.00037179487179487153
2026-01-19,-0.00038582677165354334,0.013444444444444438,-0.0011735714285714288,-0.0002596491228070155,0.0004195219123505995,0.0006349206349206362,0.00042307692307692294
2026-01-20,-0.00144488188976378,-0.005249999999999998,-0.0006535971223021588,0.00011608695652173847,-0.002573705179282869,-0.0005873015873015876,0.0008333333333333323
2026-01-21,-0.000753937007874014,-0.0029722222222222172,9.352517985611525e-05,0.0005899122807017546,-0.002141434262948207,-0.00013492063492063467,-3.846153846153827e-05
2026-01-22,6.666666666666789e-05,-0.005916666666666672,-0.000871841155234656,-0.00032358078602620047,-0.004278884462151394,2.3809523809523637e-05,0.0006282051282051273
2026-01-23,2.182539682539565e-05,0.00044444444444444636,0.0019509090909090895,0.0007057017543859641,-0.0018107569721115538,-0.0011031746031746029,8.974358974359005e-05
2026-01-24,-0.0023388000000000003,0.003888888888888887,-0.0004179487179487171,0.002057456140350876,0.0006434262948207158,0.0009126984126984132,0.00023076923076923258
2026-01-25,0.0001243027888446209,0.016888888888888898,0.000881021897810218,-0.0004827433628318589,-0.0021035856573705194,9.523809523809441e-05,-0.0006794871794871803
2026-01-26,-0.0031055118110236216,-0.007749999999999999,0.00011054545454545427,0.0009629955947136587,-0.0027171314741035843,0.00011111111111111201,-0.00019230769230769204
2026-01-27,-0.0010861111111111113,0.004388888888888883,0.0006923076923076929,0.0004564444444444442,0.0012529880478087648,-0.00025396825396825374,1.2820512820511942e-05
2026-01-28,0.0002350597609561745,-0.004583333333333332,0.000707326007326008,-0.0011712389380530966,-0.0012968127490039824,-6.349206349206432e-05,-0.0007051282051282042
2026-01-29,-0.0008286852589641426,2.3129646346357427e-18,0.0027327205882352935,-0.00038444444444444317,0.0004581673306772888,0.00028571428571428666,-0.0003717948717948729
2026-01-30,-0.00020905511811023612,0.00444444444444444,-7.954545454545828e-06,-0.003573568281938326,-0.002161354581673306,-0.0005317460317460334,-0.00035897435897435894
2026-01-31,-0.00013650793650793607,0.01022222222222222,-0.0012262357414448662,-0.0007079295154185017,-0.0053784860557768936,-0.0006269841269841254,-0.0004358974358974359
2026-02-01,-0.00186,-0.006472222222222216,-0.00017366412213740468,0.000513656387665196,-0.002735059760956174,-0.000253968253968256,0.0009615384615384617
2026-02-02,-0.0016370517928286869,0.011333333333333327,0.0006965648854961838,0.0017061403508771935,-0.0018480000000000013,0.0008888888888888893,-0.0016410256410256392
2026-02-03,-0.0005187250996015922,-0.0058055555555555595,-0.0014588461538461543,0.0007112554112554099,-0.002798,-0.0006587301587301578,-0.010551282051282052
2026-02-04,-0.0015194444444444457,-0.002194444444444443,-0.000857633587786259,-0.002217105263157894,-0.003306,-0.000492063492063493,-0.00032051282051282105
2026-02-05,-0.0017642857142857132,0.009611111111111117,-0.001455769230769231,-0.0012136563876651981,-0.002,-2.3809523809524603e-05,0.0009487179487179474
2026-02-06,-0.0033816000000000002,-0.006472222222222226,-0.0015683397683397685,-0.002432456140350878,0.0017008032128514056,-0.00023015873015872827,0.0018589743589743591
2026-02-07,0.0027806324110671915,-0.0021666666666666657,0.0013685823754789272,0.0011057017543859658,-0.0034056224899598384,-0.0006984126984127003,0.005615384615384616
2026-02-08,0.001952191235059762,-0.005194444444444446,-0.0010747126436781618,-0.0013736842105263164,0.0019678714859437756,0.0004206349206349216,0.00024358974358974273
2026-02-09,-0.0008353174603174605,-0.017194444444444443,0.0002799227799227806,0.000280349344978166,-0.0016465863453815261,-0.0021904761904761915,0.0005769230769230769
2026-02-10,0.0016044176706827315,0.004166666666666667,0.0002484374999999996,-0.0006098654708520185,-0.000622489959839358,0.00215873015873016,5.128205128204999e-05
2026-02-11,-0.00010381355932203274,-0.0005882352941176394,0.00042408163265306143,-0.0019976851851851844,0.0011365638766519827,-0.0006929824561403503,-0.001435897435897434
2026-02-12,-0.003432000000000001,0.0009444444444444439,-0.0006101562499999981,-5.937499999999949e-05,-0.005343373493975905,0.0011190476190476196,-0.0015384615384615385
2026-02-13,0.0003724696356275309,0.009944444444444443,0.000534117647058822,-0.001975892857142858,-0.0008333333333333348,-7.936507936508907e-06,0.0006666666666666648
2026-02-14,-0.001068548387096774,-0.0034166666666666694,-0.002379921259842518,0.00021830357142857027,-0.0023293172690763047,0.0001984126984126966,-0.004012820512820513
2026-02-15,-1.4112903225806282e-05,-0.00958333333333333,-0.000560784313725491,0.0005156250000000011,-0.0007449799196787146,0.0004523809523809542,0.00011538461538461495
2026-02-16,-0.00239018691588785,0.0010000000000000018,0.00033640552995391665,-0.0007148717948717947,-0.0013216080402010054,0.0006199999999999972,0.0007714285714285723
2026-02-17,-0.0007024291497975716,0.009138888888888884,-0.0002873015873015875,0.00012455357142857062,-0.0005281124497991962,-0.00021428571428571352,-0.002564102564102564
2026-02-18,-0.003872767857142857,0.0033000000000000004,-0.00018956521739130333,-0.0004529702970297024,-0.0019558139534883727,-0.00033018867924528104,0.003108108108108109
2026-02-19,0.0003084112149532714,-0.012700000000000001,0.0011539170506912441,-0.0008062176165803117,-0.0015862068965517228,-0.0013200000000000004,-9.999999999999996e-05
2026-02-20,0.0015228215767634844,-0.005277777777777774,0.0005326612903225817,3.6529680365297176e-06,0.003093220338983051,0.0010258620689655169,0.003705128205128205
2026-02-21,0.0007295081967213116,-0.002222222222222226,0.00013636363636363583,0.002645495495495495,0.0013132530120481922,-0.0006746031746031754,-0.0030000000000000014
